A351;PROTECTION MOTEUR;ENGINE TRAY
B000;DIVERS BOITE;VARIOUS GEARBOXES
B011;BOITE DE VITESSES;GEARBOX
B012;BOITE AUTOMATIQUE;AUTO G/BOX
B110;DIV CARTER EMBRAYAGE;VAR.CLUTCH HOUSING
B111;CARTER EMBRAYAGE;CLUTCH HOUSING
B112;TUBE GUIDE/JOINT;GUIDE TUBE/SEAL
B114;JOINT CARTER MECANISME /CARTER;MECH HOUSING SEAL
B137;CARTER DE 5EME;5TH GEAR HOUSING
B13D;JOINT CARTER 5V;5-SPD HSG SEAL
B13R;BOUCHON/JOINT REMPLISSAGE OU VIDANGE;PLUG/SEAL
B14C;JOINT SORTIE DIFFERENTIEL;DIFF OUTLET SEAL
B152;CARTER BVM;MAN.GBX.MECH.HSNG
B156;BOUCHON ETANCHEITE CARTER;SEALING PLUG
B211;BUTEE EMBRAYAGE;CLUTCH STOP
B212;FOURCHETTE DE DEBRAYAGE;CLUTCH FORK
B213;AXE FOURCHE EMBRAYAGE;CLUTCH FORK SHAFT
B214;PIVOT FOURCHE INTERNE;INT.FORK PIVOT
B215;LEVIER EMBRAYAGE;CLUTCH LEVER
B218;FOURCHETTE 1/2;1/2 SHAFT/FORK
B219;FOURCHETTE 5 ASS;5 FORK SHAFT
B21B;FOURCHETTTE 3/4;SHAFT/FORK 3/4
B21C;FOURCHETTTE MAR;REV. GEAR SHAFT
B21D;AXE COMMANDE+DOIGT SELECTION;CTRL SHAFT+SEL.FINGER
B21H;FOURCHETTE 1/2/5/6;1/2/5/6 BRACKET
B21J;JOINT AXE COMMANDE;CTRL SHAFT SEAL
B21L;BILLAGE AXE FOURCHETTE;1/2 BALL DETENT
B21U;AXE ASS D' ENTREE DE COMMANDE;CONTROL ENTRY SEAT SQUAB AXLE
B21Y;BONHOMME VERROUILLAGE;LOCKING MECH.
B220;DIV COMMANDE HYDRAULIQUE;VAR. HYDRAUL. CTRL
B221;DISTRIBUTION HYDRAULIQUE;HYDRAUL. DISTRIB.
B222;ELECTROVANNE DE MODULATION DE PRESSION;SOL. VALVE/MODU
B228;FILTRE ‡ HUILE BV;STRAINER
B22A;BVA:MOYEU D ALIMENTATION;A.T.: SUPPLY HUB
B230;DIV COMMANDE ELECTRONIQUE;VAR.ELECTRONIC CTRL
B232;LIAISON IEH BVA POTENTIOMETRE DE CHARGE;A.T. IEH CONNECT.
B233;CONTACT MULTIFONCTIONS;MULTIFUNCT. SWITCH
B234;CAPTEUR POSITION AXE FOURCHETTE;SELECTOR FORK SHAFT POSITION SENSOR
B235;CAPTEUR POSITION CRABOT;MEMBER HOOK POSITION SENSOR
B239;CAPTEUR POSITION AXE FOURCHETTE EV1 ET EV2;SELECTOR FORK SHAFT POSITION SENSOR EV1 ET EV2
B23E;BOITIER ELECTRONIQUE BVA;A.T. COMPUTER
B23R;REPROGRAMMATION ET APPRENTISSAGE CALCULATEUR BVA;AUTO GBOX REPROG
B2A2;BIELLE DE COMMANDE;CONTROL ROD
B2A3;ANNEAU D'ARRET;ROD BEARING CLIP
B2A4;PALIER DE BIELLE COMMANDE;ROD BEARING
B338;BALADEUR 1/2;1/2 SLIDING GEAR
B33A;BALADEUR 5/6;SLIDE 5/REV.GEAR BRAKE
B33D;ECROU ARBRE PRIMAIRE;PRIMARY SHAFT NUT
B411;COUPLE DE PONT;CROWN WHEEL/PINION
B416;BOUCHONS/NIVEAU P AR;PLUGS/P LEVEL
B420;DIV COURONNE;VAR.C.WHEEL
B421;DIFFERENTIEL;DIFFERENTIAL
B42A;ROULEMENT COUPLE CONIQUE;BEARING
B434;DIFFERENTIEL CENTRAL;CENT DIFFERENTIAL
B441;MARCHE ARRIERE PIGNON FOU;REV.GEAR IDLE GEAR
B451;ARBRE PRIMAIRE;PRIMARY SHAFT
B452;RLT ARBRE PRIMAIRE COTE 5EME;P/SHAFT BEARING
B453;RLT ARBRE PRIMAIRE COTE CARTER EMBRAYAGE;P/ SHAFT BEARING
B455;ROULEMENT PRIMAIRE/BVA;SHAFT/AT. BEARING
B457;ECROU/VIS ARBRE SECONDAIRE;SEC/SHAFT NUT/BOLT
B458;PIGNON FIXE 5EME;5TH FIXED GEAR
B459;ANNEAUX ARRET TRANSLATION PRIMAIRE /SECONDAIRE;STOP RING
B460;DIV LIGNE SECONDAIRE;VAR.SECOND. LINE
B461;ARBRE SECONDAIRE BVM PIGNON D'ATTAQUE;MAN.GBOX SEC.SHAFT
B463;1ERE PIGNON FOU;1ST IDLE GEAR
B464;2EME PIGNON FOU;2ND IDLE GEAR
B465;3EME PIGNON FOU;3RD IDLE GEAR
B466;4EME PIGNON FOU;4TH IDLE GEAR
B467;5EME PIGNON FOU;5TH IDLE GEAR
B468;CAGE A AIGUILLES PIGNON FOU;NEEDLE BEARING
B469;JONC RLT ARB PRIMAIRE;SHAFT JOINT BEARING
B46A;ROULEMENT ARBRE SECONDAIRE;F.DRIVE/AT.BEARING
B46C;ROULEMENT ARBRE PRIMAIRE;SEC/SHAFT BEARING
B46M;JONC ROULEMENT ARBRE;SEC.SHAFT BEARING
B511;BOITIER DIFFERENTIEL PONT AV 4X4;DIFF. HOUSING
B513;PLANETAIRE;PLANETARY
B514;SATELLITE;SATELLITE
B515;ROULEMENT DIFFERENTIEL;DIFFERENTIAL BEARING
B516;JONC ROULEMENT PLANETAIRE;PLANETARY BEARING CIRCLIP
B517;AXE SATELLITE DIFFERENTIEL;SATELLITE SHAFT
B51J;GOUPILLE AXE DIFFERENTIEL PONT AR;GOUPILLE AXE DIFFERENTIEL PONT AR
B612;ARBRE EMBRAYAGE;CLUTCH SHAFT
B613;DISQUE EMBRAYAGE;CLUTCH PLATE
B614;MECANISME EMBRAYAGE;CLUTCH MECHANISM
B615;COLLECTION EMBRAYAGE;CLUTCH KIT
B621;CIBLE D'ENTRAINEMENT;DRIVE TARGET
C112;SUPPORT PEDALIER;PEDAL SUPPORT
C281;COTE AUVENT (AVANT);SCUTTLE PANEL
C285;TOIT ESC: SUPPORT FX MECANISME OUVERTURE;RETRACTABLE SUNROOF: FX OPENING MECHANISM SUPPORT
D140;DIV UNIT AR;VAR. REAR UNITS
D141;LONGERON SUPPORT G;S.MEMBER SUPPORT
D142;LONGERON SUPPORT D;S.MEMBER SUPPORT
E121;ALTERNATEUR;ALTERNATOR
E123;COMPOSANTS ALTERNATEUR;ROTOR
E127;SUPPORT MULTIFONCTIONS (ALTERNATEUR);ALTERNATOR BRACKET
E129;POULIE ALTERNATEUR;ALTERNATOR PULLEY
E1A0;DIV BATTERIE 12 V;VAR. 12V BATTERY
E1A1;BATTERIE 12 VOLT;12 VOLT BATTERY
E1A2;BORNE POSITIVE;POSITIVE TERMINAL
E1A3;BORNE NEGATIVE;NEGATIVE TERMINAL
E1A4;COMPLEMENT CHARGE BATTERIE 12V;12V BATTERY CHARGE SUPPLEMENT
E1A5;CALCULATEUR CONTROL CHARGE BATTERIE;MANAGEMENT COMPUTER BATTERY CHARGE
E210;DIV CAB COMP MOTEUR;VAR ENG.COMP WIR
E217;CABL PROJECTEUR GAUCHE(227);LH H.LIGHT WIR
E218;CABL : STOP ELECTRIQUE (246);WIR: FUEL SHUTOFF
E21D;CABL RELAIS SECURITE DIRECTION ASSISTANCE VARIABLE (593);SAFETY RELAY WIR
E226;CABL MONOMANETTE (209);PRESS.SWITCH WIR
E22N;CABL ANTIVOL (104);ANTITHEFT WIRING
E23P;CABLCAPTEUR COURSE PEDALE (667);TRAVEL SENSOR WIR
E251;CONNECTEUR PAVILLON;CONECTOR ROOF
E252;CONNECTEUR TABLIER;CNT BULKHEAD
E253;CONNECTEUR PLANCHE DE BORD COTE GAUCHE;CNT LEFT DASH
E254;CONNECTEUR SIEGE;CONECTOR SEAT
E258;CONNECTEUR PLANCHE DE BORD COTE DROITE;CNT RIGHT DASH
E259;CONNECTEUR G.M.V;CNT RAD FAN
E25A;CONNECTEUR PORTE AV D;CNT FRT/RHT DOOR
E25H;CONNECTEUR AILE AV DROITE;CNT FRT/LFT WING
E25J;CONNECTEUR AILE AV GAUCHE;CNT FRT/RHT WING
E25M;CONNECTEUR FACE AVANT;CNT FRONT PANEL
E25N;CONNECTEUR FACE ARRIERE;CNT REAR PANEL
E25P;CONNECTEUR G.M.P;CNT ENGINE
E25R;CONNECTEUR PIED AV DROIT;CNT FRT/RHT FOOTWELL
E25S;CONNECTEUR PIED AV GAUCHE;CNT FNT/LFT FOOTWELL
E25T;CONNECTEUR PIED AR DROIT;CNT RR/RHT FOOTWELL
E25Y;CONNECTEUR PIED AR GAUCHE;CNT RR/LFT FOOTWELL
E2A0;DIV CABL GMP ET COMP MOTEUR;VAR.ENG.WIRING
E2A2;CABL : RELAIS POMPE CARBURANT (236);WIRING : RELAY
E2A3;CABL : RELAIS INJECTION (238);WIRING:INJ. RELAY
E2A4;CABL : SONDE DE NIVEAU D'HUILE (243);WIRING : SENSOR
E2A5;CABL : CAPTEUR TEMPERATURE D'EAU (244);WIRING : SENSOR
E2AA;CABLAGE BOITIER PRECHAUFFAGE (2;WIRING : COMPUTER
E2AF;CABL : VANNE REGULATION RALENTI (341);WIRING : VALVE
E2AH;CABL : BATTERIE (107);WIRING : BATTERY
E2AJ;CABL : CALCULATEUR INJECTION (120);WIRING : COMPUTER
E2AL;CABL : CAPTEUR PRESSION ATMOSPHERIQUE (147);WIRING : SENSOR
E2AM;CABL : CAPTEUR PRESSION D'HUILE (148);WIRING : SENSOR
E2AN;CABL : DEBIMETRE (162);WIRING : FLOWMETER
E2AP;CABL : DEMARREUR (163);WIRING : STARTER
E2AT;CABL : INJECTEUR N∞2 (194);WIRING : INJECTOR
E2AV;CABL : INJECTEUR N∞4 (196);WIRING : INJECTOR
E2AW;CABL : INJECTEUR N∞5 (197);WIRING : INJECTOR
E2AY;CABL : MANOCONTACT (205);WIRING : PRES.SWITCH
E2B0;DIV CABL CARROSERIE;VAR.ENG.WIRING
E2B1;CABL : MODULE DE PUISSANCE ALLUMAGE (310);WIRING : MODULE
E2B2;CABL : ELECTROVANNE SECURITE REGULATEUR (345);WIRING : ELECTRO
E2B4;CABL : POMPE A EAU PALIERS TURBO (369);WIRING : PUMP
E2B7;CABL : THERMOCONTACT GROUPE MOTO- VENTILATEUR (248);WIRING : THERMOC
E2B8;CABL : ELECTROVANNE CARBURATEUR (291);WIRING : ELECTRO
E2B9;CABL : RELAIS 2EME VITESSE GROUPE MOTO-VENTILATEUR (336);WIRING : RELAY
E2BA;CABL : REGULATEUR DE RALENTI (228);WIRING : REGULAT
E2BB;CABL : RELAIS DE DEMARRAGE (232);WIRING : RELAY
E2BD;CABL : RELAIS GROUPE MOTO-VENTILATEUR (234);WIRING : RELAY
E2BJ;CABL : THERMOCONTACT PRECHAUFFAGE (406);WIRING : THERMOC
E2BK;CABL : BOBINE D'ALLUMAGE (108);WIRING : COIL
E2BN;CABL : CAPTEUR POINT MORT HAUT (149);WIRING : SENSOR
E2BV;CABL : BOUGIES PRECHAUFFAGE (258);WIRING : S.PLUGS
E2BW;CABL : GROUPE MOTO-VENTILATEUR REFROIDISSEMENT CA (262);WIRING : ASSY
E2C0;DIV CAB HABITACLE;VAR. ENG.WIRING
E2CA;CABL : RELAIS 3EME VITESSE GROUPE MOTO-VENTILATEUR (337);WIRING : RELAY
E2CB;CABL : PRESSOSTAT SECURITE TURBO (342);WIRING : PRES.SWITCH
E2CC;CABL : RELAIS 1ERE VITESSE GROUPE MOTO-VENTILATEUR (335);WIRING : RELAY
E2CD;CAB:GMV BASE/CA (320);WIRING : GMV BASE/AC
E2CF;CABL : INJECTEUR N∞6 (198);WIRING : INJECTOR
E2CJ;CABL : CAPTEUR VITESSE ENGAGEE (726);WIRING : SENSOR
E2CK;CABL : CAPTEUR LEVIER VITESSE (728);WIRING : SENSOR
E2CM;CABL : RECHAUFFEURBOITIER PAPILLON (437);WIRING : HEATING
E2CN;CABL : BOITIER PAPILLON (565);WIRING : COMPUTER
E2CP;CABL : CONTROLEUR (917);WIRING : CONTROL
E2D0;DIV CAB COMP MOTEUR;VAR. ENG.WIRING
E2D3;CABL : INJECTEUR N∞3 (195);WIRING : INJECTOR
E2D7;CABL : MODULE ALLUMAGE ELECTRONIQUE INTEGRAL (208);WIRING : MODULE
E2D9;CABL : CAPTEUR DE CHARGE (729);WIRING : SENSOR
E2DA;CABL : POTENTIOMETRE ACCELERATEUR (921);WIRING : POTENTI
E2DH;CABL PROJECTEUR DROIT (226);RH H/LIGHT WIRING
E2DL;CABL : ALLUMEUR (102);WIRING : STARTER
E2DR;CABL THER DE T∞MOTEUR DE TRACTION (944);ENG TEMP WIRE
E2DV;CABL :THERMOCONTACT POMPE A EAU (582);WIRING : THERMOSW
E2DW;CABL : INJECTEUR N∞1 (193);WIRING : INJECTOR
E2E0;DIV CAB COMP MOTEUR;VAR ENG.COMP.WIR.
E2E2;CABL : ALTERNATEUR (103);WIRING : ALTERNAT.
E2E3;CABL : CAPTEUR TEMPERATURE HUILE (343);WIRING : SENSOR
E2E4;CABL : GROUPE MOTO-VENTILATEUR REFROIDISSEMENT (18;WIRING : ASSY
E2EC;CABL : RESISTANCE PRECHAUFFAGE GAZOLE (449);WIRING : RESIST.
E2EK;CABL : BOITIER FUSIBLE MOTEUR (597);WIRING : COMPUTER
E2F9;CABL TELECDE INFRAROUGE AVEC CAPTEUR ULTRA-SONS (619);INFRA-RED WIRING
E2FA;CABL PPE CARBURANT (218);FUEL PUMP WIRING
E2FH;CABL PLATI SERVITUDE (299);FUSEBOARD WIRING
E2GV;CABL TRANSMET INFRA-ROUGE (249);LOWER SENDER WIR
E2KK;CABL CLEF ALA/VERROU MATERIEL (654);ALARM/IMMOB KEY WIR
E2KL;CABL BOIT INTER HAB (645);CABLE
E2KY;CABL RELAIS PROJECTEURS DOUBLES (237);H.LIGHT RELAY WIR
E2L8;CABL BOITIER FUSIBLES (260);FUSEBOX WIRING
E2L9;CABL BOITIER DECODEUR (503);UNLOCKING UNIT WIR
E2P0;DIV CAB COMP MOTEUR;VAR ENG.COMP WIR
E2R1;CABL INTER ARRET URGENCE (918);STOP SWITCH WIR
E2RB;CABL : DEGAZEUR (283);LOOM
E2S0;CABL : MASSE;EARTH LEAD
E2S1;TRESSE MASSE GMP;EARTH LOOM
E2S2;MASSE DIVERS GMP;VARIOUS EARTH
E2S3;MASSE BATTERIE;EARTH BATTERY
E2T1;MASSE PAVILLON;EARTH ROOF
E2T2;MASSE TABLIER;EARTH BULKHEAD
E2T3;MASSE PLANCHE DE BORD COTE GAUCHE;EARTH L/H DASH
E2T8;MASSE PLANCHE DE BORD COTE DROIT;EARTH RHT DASH
E2T9;MASSE G.M.V;EARTH RADIATOR
E2TA;MASSE PORTE AV D;EARTH RH/FRT DOOR
E2TM;MASSE FACE AVANT;EARTH FRT VEHICLE
E2TP;MASSE G.M.P;EARTH ENGINE
E2TR;MASSE PIED AV DROIT;EARTH F/RHT FOOTWELL
E2TS;MASSE PIED AV GAUCHE;EARTH L/FRT FOOTWELL
E2TT;MASSE PIED AR DROIT;EARTH R/RHD FOOTWELL
E2TY;MASSE PIED AR GAUCHE;EARTH R/LFT FOOTWELL
E2V1;CABLAGE PAVILLON;HARNESS ROOF
E2V2;CABLAGE TABLIER;HARNESS BULKHEAD
E2V3;CABLAGE PLANCHE DE BORD COTE GAUCHE;HARN LFT DASH
E2V4;CABLAGE SIEGE;HARNESS SEAT
E2V8;CABLAGE PLANCHE DE BORD COTE DROIT;HARN RHT DASH
E2V9;CABLAGE G.M.V;HARN RAD FAN
E2VG;CABLAGE PASSAGE ROUE AR G;HARN LT/RR QUARTHER
E2VH;CABLAGE AILE AV DROITE;HARN FRT/LFT WING
E2VK;CABL : PORTE DE COFFRE;HARN TAILGATE
E2VM;CABLAGE FACE AVANT;HARN FRONT END
E2VN;CABLAGE FACE ARRIERE;HARN REAR PANEL
E2VP;CABLAGE G.M.P;HARN ENGINE
E2VR;CABLAGE PIED AV DROIT;HARN FRT/RHT FOOTWELL
E2VS;CABLAGE PIED AV GAUCHE;HARN FRT/LFT FOOTWELL
E2VT;CABLAGE PIED AR DROIT;HARN RR/RHT FOOTWELL
E2VY;CABLAGE PIED AR GAUCHE;HARN RR/LFT FOOTWELL
E310;DIV BOITIER CONNEXION;VAR CONNECT UNIT
E311;UNITE DE CONTROLE (UCH);CONTROL UNIT
E312;BOITIER INTER CONNEXION MOTEUR;INTERCONNEC. UNIT
E313;PLATINE RELAIS;RELAY FUSEBOARD
E314;PORTE-FUSIBLES;FUSE HOLDER
E315;UPC UNITE DE PROTECTION ET COMMUTATION;PROTECTION AND SWITCHING UNIT (PSU)
E317;MODULE DE GESTION D'ENERGIE;ENERGY MANAGEMENT MODULE
E320;DIV FUSIBLE;VAR FUSES
E321;FUSIBLE;FUSE
E330;DIV RELAIS/TEMPORISATEUR;VAR RELAY/TIMERS
E331;RELAIS;RELAY
E334;RELAIS ECLAIRAGE;LIGHTING RELAY
E337;RELAIS GMV MOTEUR (HORS PLATINE DE SERVITUDE);COOL.FAN RELAY
E33M;MICRO-RELAIS;MICRO-RELAY
E343;CONTACTEUR STOP;STOP SWITCH
E344;CONTACTEUR RECUL;REV.LIGHT SWITCH
E346;CONTACTEUR FEUILLURE PORTE;DOOR SWITCH
E347;CAPTEUR DE CHOC;IMPACT SENSOR
E411;BATTERIE TRACTION COMPLETE;FULL TRACTION BATTERY
E613;FUSIBLE CHARGEUR BT;TRACTION BATTERY CHARGER FUSE
E618;MOT.ELEC.TRACT.ADDITIONEL;0
F121;FIXATION SPECIFIQUE êCHAPPEMENT;EXH MOUNTINGS
F132;REPARTITEUR ADMISSION;INLET MANIFOLD
F134;TUBULURE DESCENTE;DOWNPIPE
F135;POT CATALYTIQUE;CATALYTIC CONV.
F138;POT DETENTE;SECOND. EXP. BOX
F139;TUBE INTERMEDIAIRE;INTERMED. PIPE
F13A;SILENCIEUX;SILENCER
F140;DIV FILTRE A PARTICULE GAZ ECHAPPEMENT;EXHAUST GAS PARTICLE FILTER DIVISION
F141;FILTRE A PARTICULES;PARTICLE FILTER
F142;CAPTEUR TEMPE AMONT FILTRANT PARTICULE;PARTICLE FILTER UPSTREAM TEMP SENSOR
F143;CAPTEUR TEMPE AVAL FILTRANT PARTICULE;PARTICLE FILTER DOWNSTREAM TEMP SENSOR
F144;TUYAU PRESSION EQUIPE;PRESSURE PIPE FITTED
F145;INJECTEUR GAZOLE ECHAPPEMENT;EXHAUST DIESEL FUEL INJECTOR
F146;SUPPORT INJECTEUR GAZOLE ECHAPPEMENT;EXHAUST DIESEL FUEL INJECTOR SUPPORT
F222;SUPPORT MOTEUR/BVSUPPORTS METALLIQUES;FLH/RH ENG SUPP
F224;SUPPORT MOTEUR/BV ELASTIQU AVD ET G;FRH/LH TOP BUSH
F228;GMP : LIMITEUR DE DEBATTEMENT;LIMITER
F229;BIELLETTE HAUTE DE REPRISE DE COUPLE;UPPER ENGINE TIE-BAR
G211;ECRAN D'AFFICHAGE MM;DISPLAY MM
G219;RADIO NAVIGATION;RADIO NAVIGATION
G21E;NAVIGATION MM;NAVIGATION MM
G221;ANTIVOL COLONNE DE DIRECTION;ANTITHEFT SWITCH
G227;TETE CLE EMETTEUR TIR;KEY HEAD
G228;BAGUE ANTI VOL;ANTITHEFT RING
G22A;RECEPTEUR TIR;PLIP RECEIVER
G22B;CARTE BADGE;CARD
G22C;CARTE MAINS-LIBRES;HANDS-FREE CARD
G22D;LECTEUR BADGE DEMARRAGE;STARTER CARD READER
G22E;DECODEUR ANTIDEMARRAGE;IMMOB. DECODER
G22F;INTERRUPTEUR DEMARRAGE;STARTER SWITCH
G22H;ANTENNE COMMUNICATION BADGE;CARD COMMUNICATION AERIAL
G22J;ANTENNE DEMARRAGE;STARTER AERIAL
G22P;PILE CLE COMMANDE DEMARRAGE;STARTING CONTROL KEY BATTERY
G238;INDIC TEMP EAU;COOL.TEMP.IND.
G23D;CAPTEUR VITESSE;SPEEDO CABLE
G23E;BOITIER SYNTHESE DE LA PAROLE;V.SYN UNIT
G23P;TABLEAU DE BORD;DASHBOARD
G23R;BARRETTE VOYANT;ROW WARN.LIGHTS
G23V;LAMPE TABLEAU BORD;INST.PANEL LIGHT
G241;COMMUTATEUR ECLAIRAGE;LIGHTING SWITCH
G242;COMMUT CLIGNOTANTS;INDICATOR SWITCH
G247;COMMUTATEUR ESSUYAGE;MULTI-FUNC SWTCH
G248;TRANSMISSION ROTATIVE SOUS VOLANT;SWITCH BRACKET
G24B;COMMANDE ELECTRIQUE REGLAGE PHARES;H/LIGHT ELEC.ADJ.
G24J;INTERRUPTEUR LEVE VITRE;FR/RR WINDOW SWITCH
G24L;INTERRUPTEUR CONDAMNATION DE PORTE;LOCKING SWITCH
G24S;INTERRUPTEUR REGLAGE RV ET LV AU VOLANT;STEERING WHEEL SPEED LIMITER/REGULATOR ADJUSTER SWITCH
G24T;INTERRUPTEUR CONDAMNATION LEVE VITRE AR;WINDOW LOCK SWITCH
G24W;COMMANDE REGLAGE DIRECTION MEMORISATION POSTE DE CONDUITE;STEERING ADJ.CTRL
G253;CONTACTEUR EMBRAYAGE;SWITCH/CLUTCH
G262;ALLUME-CIGARE;CIGAR LIGHTER
G2B2;CHANGEUR COMPACT DISQUE;CD CHANGER
G2B5;AFFICHEUR;DISPLAY
G2D5;CONTACTEUR CRABOTAGE;DOG CLUTCH SWITCH
G2DA;INVERSEUR MARCHE ARRIERE VEHICULE ELECTRIQUE;REV.GEAR INV
G2E1;RADIO - RADNAV MM;RADIO-RADNAV MM
G2F1;DVD : LECTEUR;DVD: PLAYER
G2F4;DVD : ECRAN VIDEO;DVD: VIDEO SCREEN
G2GE;KML : CALCULATEUR;HANDS-FREE KIT: COMPUTER
G31N;RADIATEUR DE CHAUFFAGE;HEATER RADIATOR
G31Y;GMV CA+CHAUFFAGE;A.C. FAN ASSY.
G331;COMPRESSEUR;COMPRESSOR
G411;PEDALE ACCEL SS CAPT;ACCELERAT. PEDAL
G412;CABLE ACCELERATEUR;ACCELERAT. CABLE
G416;COMMANDE DE BIELLETTE D ACCELERATEUR;CONTROL ROD
G421;PEDALE EMBRAYAGE;CLUTCH PEDAL
G423;CABLE EMBRAYAGE;CLUTCH CABLE
G424;EMETTEUR COMMANDE EMBRAYAGE HYDRAULIQUE;CLUTCH TRANS.CYL
G425;RECEPTEUR EMBRAYAGE HYDRAULIQUE;CLUTCH SLAVE CYL
G426;CONDUIT HAUTE PRESSION EMBRAYAGE HYDRAULIQUE;CLUTCH PIPES
G428;CYLINDRE RECEPTEUR EMBRAYAGE PILOTE;AUTO.CLUTCH CYL
G42C;CAPTEUR PEDALE ACCELERATEUR;ENG.LOAD SENSOR
G42D;CAPTEUR POSITION D EMBRAYAGE PILOTE;POSITION SENSOR
G42F;LEVIER VITESSES ELECTRIQUE;AUTO.CLUTCH LEVER
G430;DIV COMMANDE DE VITESSE;VAR.GEAR LEVER
G431;LEVIER VITESSES BV;GEAR LEVER ASSY
G433;POMMEAU LEVIER VITESSE (BVM OU BVR);GEAR LEVER KNOB
G435;PLATINE CDE VITESSES BVM;GEAR LEVER PLATE
G437;CABLE COMMANDE VITESSES;GEAR LEVER CABLE
G438;VERROU MARCHE ARRIERE BVM;GBOX REV.LOCK
G43A;TIMONERIE COMMANDE VITESSES BV;GEAR LINKAGE CTRL
G43F;AGRAFE MAINTIEN DE GAINE;RH SUPPORT CLIP
G43P;SUPPORT ARRET GAINE DU CABLE DE COMMANDEBV;AT LEVER SUPPORT
G446;GROUPE ACTIONNEUR BVR;AUTOMATIC GEARBOX ACTUATOR UNIT
G447;GEP CDE BV ROBOTISEE;CONTROL PUMP ASSEMBLY AUTOMATIC GEARBOX
G448;LIEN ROBOT / EMBRAYAGE;SEQUENTIAL GEARBOX/CLUTCH LINK
G44E;BOITIER CONTRìLE PARK;PARK CONTROL UNIT
G44G;VERIN D' EMBRAYAGE DE GROUPE;UNIT CLUTCH CYLINDER
G450;DIVERS ACTUATEUR SELECTION;MISCELLANEOUS SELECTION ACTUATOR
G451;ACTUATEUR SELECTION / ENGAGEMENT BOITE;GEARBOX ENGAGEMENT/SELECTION ACTUATOR
G452;ACTUATEUR EMBRAYAGE;CLUTCH ACTUATOR
G511;COMMANDE FREIN A MAIN;HANDBRAKE CTRL
G512;CABLE FREIN MAIN;HANDBRAKE CABLE
G514;PALETTE COMMANDE FREIN A MAIN;HANDBRAKE CONTROL HANDLE
G515;POIGNEE/CABLE SECOURS FREIN A MAIN;HANDBRAKE EMERGENCY HANDLE/CABLE
G521;PEDALE DE FREIN;BRAKE PEDAL
G611;CRIC;JACK
G612;MANIVELLE DE CRIC;JACK HANDLE
G621;PEDALIER AUTO ECOLE;DRIVE.SCHOOL PEDALS
G623;AXE DE PEDALIER;PEDAL ASSY SHAFT
H511;CEINTURES AV;FRH/FLH S.BELTS
H514;PRETENSIONNEUR;FR.PRETENSIONER
H518;CABL PRETENSIONNEUR;PRETENSIONER WIR
H520;DIV AIR BAG;VAR.AIR BAG
H521;ENJOLIVEUR/AIR BAG VOLANT;ST.WHEEL A.BAG
H525;AIR BAG MODULE PASSAGER;PASS.AIRBAG MODULE
H52E;CALCULATEUR PRETENTISONNEUR/AIR BAG;PRETENSION. UNIT
H530;DIV ARCEAU SECURITE;ROLL BAR MISCELLANEOUS
H531;ARCEAU SECURITE;ROLL BAR
K150;DIV TRAPPE CARBURANT;VAR.FUEL FLAPS
K151;TRAPPE CARBURANT;FUEL FILLER FLAP
K221;TOIT OUVRANT;SUNROOF ASSY
K226;MOTEUR TOIT OUVRANT;SUNROOF MOTOR
K231;CAPOTE OU BACHE;HOOD OR CANVAS
K234;VERROU DE CAPOTE AV;HOOD LOCK
K235;EQUILIBREUR CACHE CAPOTE;COVER C.WEIGHT
K236;EQUILIBREUR CAPOTE MECANIQUE;HOOD C.WEIGHT
K237;SERRURE CAPOTE AR;RR.HOOD LOCK
K238;TRINGLERIE COUVRE CAPOTE;COVER LINKAGE
K23A;SERRURE CACHE CAPOTE;BONNET LOCK COVER
K23F;EQUILIBREUR CAPOTE ELECTRIQUE;STABILISER
K23H;CABLAGE HYDRO VERIN;LOOM HYDRO LOCK
K241;TOIT ESCAMOTABLE ASS;FOLDING ROOF ASS
K242;TOIT ESC CADRE AV DE TOIT ASS;FOLDING ROOF ASS FRONT FRAME
K251;TOIT ESC GROUPE HYDRAULIQUE;FOLDING ROOF HYDRAULIC UNIT
K252;TOIT ESC VERIN COMMANDE DEVERROUILLAGE;FOLDING ROOF UNLOCKING CONTROL CYLINDER
K253;TOIT ESC VERIN DE TOIT ARTICULATION D/G;FOLDING ROOF L/R HINGE ROOF CYLINDER
K254;TOIT ESC VERIN DE COFFRE ARTICULATION D/G;FOLDING ROOF L/R HINGE TAILGATE CYLINDER
K255;TOIT ESC TUYAU ALIMENTATION DE VERIN DETOIT D/G;FOLDING ROOF L/R ROOF CYLINDER SUPPLY PIPE
K256;TOIT ESC TUYAU ALIMENTATION DE VERIN CDEDVRL;FOLDING ROOF LOCKING CONTROL CYLINDER SUPPLY PIPE
K257;TOIT ESC TUYAU ALIMENTATION DE VERIN DECOFFRE D/G;FOLDING ROOF L/R TAILGATE CYLINDER SUPPLY PIPE
K258;TOIT ESC CABLAGE GROUPE HYDRAULIQUE;FOLDING ROOF HYDRAULIC UNIT WIRING
K259;TOIT ESC AXES VERIN COFFRE;FOLDING ROOF TAILGATE CYLINDER SHAFTS
K25A;TOIT ESC CAPTEUR POSITION (EFFET HAL);FOLDING ROOF POSITION SENSOR (HALL EFFECT)
K25B;TOIT ESC KIT ELECTROVANNE GROUPE HYDRAU;FOLDING ROOF HYDRAULIC UNIT SOLENOID VALVE KIT
K25C;TOIT ESC RESERVOIR HUILE GROUPE HYDRAU;FOLDING ROOF HYDRAULIC UNIT OIL RESERVOIR
K25E;TOIT ESC BOITIER ELECTRONIQUE;FOLDING ROOF COMPUTER
K25H;TOIT ESC CONTACTEUR DE GACHE DE TOIT D/G;FOLDING ROOF L/R ROOF STRIKER SWITCH
K25J;TOIT ESC GACHE DE TOIT D/G;FOLDING ROOF L/R ROOF STRIKER
K25K;TOIT ESC MECANISME ARTICULATION D/G;FOLDING ROOF L/R HINGE MECHANISM
K25L;TOIT ESC MECANISME VERROUILLAGE;FOLDING ROOF LOCKING MECHANISM
K25M;TOIT ESC MECANISME OUVERT. PORTE COFFRE;FOLDING ROOF MECHANISM OPEN. TAILGATE
K25P;TOIT ESC SERRURE DE FERMETURE TOIT ESCAMOTABLE D/G;FOLDING ROOF CLOSURE PANEL LOCK L/R FOLDING ROOF
K25S;TOIT ESC RESSORT RAPPEL CABLE CDE ARTICULATION;FOLDING ROOF HINGE CONTROL CABLE RETURN SPRING
K511;BARILLET PORTE;FR.DOOR LOCK BARREL
K516;CLES TTE SERRURES;KEY HEAD LOCKS
K523;SERRURE CAPOT AV;BONNET LOCK
K524;GACHE CAPOT AV;BONNET STRIKER
K526;CROCHET SECURITE CAPOT AV;SECURITY HOOK
K534;SERRURE COFFRE / HAYON;T.GATE/BOOT LOCK
K538;ARTICULATION CAPOT;HOOD HINGE
K541;SERRURE PORTE AV D.ET G.;FR.DOOR LOCK
K54G;MODULE COMMANDE OUVERTURE PORTE PARTIE INTERNE;DOOR OPENING CONTROL UNIT INTERNAL SECTION
K54H;POIGNEE EXTERIEUR PORTE AR/AV D/G;FR.DOOR EXT.CTRL
K551;LEVE VITRE AV;FR.MAN.WINDOW WINDER
K55A;LEVE VITRE AR;RR.DOOR CASSETTE
K561;COMMANDE OUVERTURE TRAPPE CARBURANT;FUEL FLAP OPEN CTRL
K562;ACTIONNEUR TRAPPE CARBURANT ELECTRO-AIMANT OU MICROMOTEUR;FUEL FLAP ACTIVATOR
K563;TRINGLE GUIDE TRAPPE;FUEL FLAP LINKAGE
K591;BOITIER ACTION TR CHARGE;CHARGE FLAP ACTION UNIT
K592;LEVIER CONDA TRAPPE;FLAP LOCKING LEVER
K593;DOIGT VERROU TR CHARGE;CHARGE FLAP LOCK FINGER
K594;AXE CDE LEVIER CDE TR;FLAP CONTROL LEVER CONTROL SHAFT
K595;MODULE VERROU CAISSE;BODY LOCK MODULE
K596;MODULE VERROU BT;TRACTION BATTERY LOCK MODULE
K5A1;SERRURE PORTE AR D/G;RR.DOOR LOCK
L111;ABS-BLOC HYDRAULIQUE;ABS HYDRAULIC UNIT
L112;ABS POMPE HYDRAULIQUE;ABS HYDRAULIC PUMP
L113;ABS ACCUMULATEUR DE PRESSION;ABS : ACCUMULATOR
L114;ABS BLOC ELECTROVANNE;ABS : SOL.VALVE UNIT
L115;ABS POMPE HYDRAULIQUE;ABS HYDRAULIC PUMP
L11E;ABS BOITIER ELECTRONIQUE;ABS COMPUTER
L121;LIMITEUR;LIMITER
L131;TUYAU FREIN RIGIDE;RIGID BRAKE PIPE
L132;TUYAU FREIN FLEXIBLE AV/AR;FR.FLEX.BRAKE PIPE
L133;TUYAU FREIN AR FLEXIBLE;RR.FLEX.BRAKE PIPE
L135;RACCORD TUYAU FREIN;BRAKE CONNECT.PIPE
L141;DISQUE FREIN AR;REAR BRAKE DISC
L142;TAMBOUR FREIN AR;REAR DRUM BRAKE
L143;PLAQUETTES AR FREINS A DISQUES;REAR BRAKE PADS
L144;GARNITURES AR (SEGMENT FREIN);RR.BRAKE LININGS
L145;PLATEAU FREIN AR;RR.BRAKE PLATE
L146;RATTRAPPAGE JEU AUTOMATIQUE FREIN AR;AUTO TAKE-UP MECH
L147;ETRIER AR;RR.CALIPER
L148;CYLINDRE ROUE AR;RR.WHEEL CYLINDER
L149;ENTRETOISE;SPACERS
L151;DISQUE FREIN AV;FR.BRAKE DISC
L155;ETRIER AV D /G;FRH/FLH CALIPER
L156;COLLECTION ETRIER AV;FR.CALIPER KIT
L161;RESERVOIR FREIN ET EMBRAYAGE;BRAKE RESERVOIR
L163;NIVOCODE (BOUCHON);NIVOCODE (CAP)
L171;MAITRE CYLINDRE;MASTER CYLINDER
L172;JOINT MAITRE CYLINDRE;MASTER CYL SEAL
L173;MASTER VAC;BRAKE SERVO
L174;CLAPET MASTER VAC;BRAKE SERVO VALVE
L175;CHAPE MASTER VAC;BRAKE SERVO CLEVIS
L176;AXE CHAPE MASTER VAC;BR.SERVO SHAFT CLEVIS
L177;TUYAU MASTER VAC;BR.SERVO PIPE
L17A;MANCHON MAITRE CYLINDRE;MASTER CYL.UNION
L17B;POMPE A VIDE;VACUUM PUMP
L17C;PIGNON POMPE VIDE;VACCUM PUMP PINION
L212;BOITIER DIRECTION;MANUAL STEERING
L214;VALVE ROTATIVE DA;PAS ROTARY VALVE
L215;G.E.P DE DA;PAS PUMP ASSY
L218;FLEXIBLE HAUTE PRESSION DIRECTION ASSISTEE;PAS HP FLEX.PIPE
L21A;TUYAU BASSE PRESSION DIRECTION ASSISTEE;PAS LP PIPE
L21B;TUYAU VALVE/VERIN DIRECTION ASSISTEE;PIPE VALVE/CYL.
L21C;REFROIDISSEUR DA;PAS COOLER
L21E;CALCULATEUR DIRECTION ASSISTANCE VARIABLE;VPAS COMPUTER
L21F;POMPE DIRECTION ASSISTE;MANUAL ASSIST.PUMP
L21H;RESERVOIR POMPE ASSISTANCE;ASSIST PUMP RESERVOIR
L21J;SUPPORT POMPE DA;PAS PUMP SUPPORT
L21K;POULIE POMPE ASSISTANCE;ASSIST.PUMP PULLEY
L222;REGL MANU COLONNE DIRECTION;COLUMN MANUAL ADJ.
L223;COLONNE DIRECTION;STEERING COLUMN
L226;ECROU/VIS VOLANT;ST.WHEEL NUT/BOLT
L228;ROTULE DIRECTION COTE ROUE;STEERING BALLJOINT
L229;ROTULE DIRECTION CREMAILLERE;AXIAL BALLJOINT
L22J;FIXATION CHAPPE RABATABLE;CLEVIS MOUNTING BOLT
L22L;COLONNE/AXE INTERMEDIAIRE;COLUMN/INTER.SHAFT
L332;ROUE : FIXATION;WHEEL:MOUNTING
L339;VALVE ROUE;WHEEL VALVE
L33H;TREUIL ROUE DE SECOURS;EMERGENCY SPARE WHEEL WINCH
L410;DIV AMORTISSEUR;VAR.SHOCK ABSORB.
L412;AMORTISSEUR AV;FR.SHOCK.ABSORB.
L413;FIXATION INFERIEURE AMORTISSEUR AV;FR.S.ABS.LOW.MOUNTING
L414;FIXATION SUPERIEURE AMORTISSEUR AV;FR.S.ABS.UPPER MOUNTING
L41B;AMORTISSEUR AR;RR.SHOCK ABSORB.
L41C;FIXATION INFERIEURE AMORTISSEUR AR;RR.S.ABS.LOW.MOUNTING
L41D;FIXATION SUPERIEURE AMORTISSEUR AR;RR.S.ABS.UPPER MOUNTING
L41J;FILTRATION SUP RESSORT AR;REAR SPRING UPPER FILTRATION
L41L;BUTOIRE DE SUSPENSION AR;REAR SUSPENSION BUFFER
L423;RESSORT SUSPENSION AV;FR.SUSP.SPRING
L425;RESSORT SUSPENSION ARRIERE;RR.SUSP.SPRING
L429;BARRE TORSION AR;RR.TORSION BAR
L42A;BARRE STABILIS AR;RR.STABILISER BAR
L434;ROTULES SUPERIEURE AV;FR.UPPER BALLJOINTS
L435;TRIANGLES SUPERIEUR AV;FR.UPPER TRIANGLES
L436;ROTULES INFERIEURES AV;FR.LOWER BALLJOINTS
L437;TRIANGLES INFERIEURS AV;FR.LOWER TRIANGLES
L439;FIXATION TRIANGLE SUR BERCEAU;BUSH MOUNTINGS
L43A;TIRANT DE CHASSE;CASTOR TIE-ROD
L43B;PORTE FUSEE AV;FRH/FLH ST.AXLE CARRIER
L43C;MOYEU DE ROUE AV;FR.WHEEL HUB
L43D;ROULEMENT MOYEU AVANT;FR.HUB REPLC.
L43F;BARRE STABILISATRICE AV;FR.STABILISER BAR
L43H;PALIERS BARRE STABILISATRICE AV;STABILIS.BAR BEARINGS
L43J;PALIERS BARRE STABILISATRICE AV CAOUTCHOUC SUR BRAS;STABILIS.BAR BEARINGS
L43N;BUTEE TOURNANTE;TURNING LIMITER
L43P;BIELLETTE BARRE STABILISATRICE AV;STABILIS.BAR ROD
L43R;PORTE PIVOT TRAIN AV;FRONT AXLE STEERING KNUCKLE HOLDER
L43S;SUPPORT ROTULE TRIANGLE INF DE TRAIN AV;FRONT AXLE LOWER WISHBONE ROD END MOUNTING
L443;BRAS SUSPENSION DROIT;RH SUSP.ARM
L444;BRAS SUSPENSION GAUCHE;LH SUSP. ARM
L446;ESSIEU AR;F-BAR REAR AXLE
L448;PORTE FUSEE AR;RR.ST.AXLE CARRIER
L449;FUSEE AR;RR.STUB AXLE
L44A;MOYEU ROUE AR;RR.WHEEL HUB
L44B;ROULEMENT MOYEU AR;RR.HUB
L44D;BARRES ANTI DEVERS AR;ANTI-ROLL BARS
L44F;FIXATION BARRES ANTI DEVERS;A-ROLL BAR MOUNTING
L44H;BIELLETTES BARRE ANTI DEVERS AR;BAR RODS
L44J;BERCEAU TRAIN AR OU PONT AR;REAR AXLE MOUNTINGS
L44K;BIELLES AR TRAIN AR;RR.AXLE RODS
L44L;BRAS TRANSVERSAL AV TRAIN AR;FR.AXLE RODS
L44M;BRAS LONGITUDINAL TRAIN AR;TIE-RODS
L44P;FIXATION PALIERS ANTI DEVERS;BEARING MOUNTINGS
L44R;FIXATION TRAIN AR;RR AXLE FIXING
M011;MOTEUR THERMIQUE;ENGINE
M110;DIV ATTELAGE MOBILE;VAR.TOWING
M111;VILEBREQUIN;CRANKSHAFT
M112;COUSSINET VILEBREQUIN;MAIN BEARING SHELL
M116;VOLANT MOTEUR/CIBLE;ENGINE FLYWHEEL
M117;VIS VOLANT MOTEUR;ENG.FLYWHEEL BOLT
M118;COURONNE LANCEMENT;STARTER RING GEAR
M119;CIBLE CAPTEUR PMH;FLYWHEEL TARGET
M11A;DEMI-COUSSINET DE BIELLE;LOWER HALF-BUSH
M11B;BIELLE;B.END BEARING CAP
M11D;VIS ECROU DE BIELLE;B.END NUT/BOLT
M11F;PISTON;PISTON
M11H;AXE DE PISTON;PISTON SHAFT
M11J;POULIE VILEBREQUIN;CRANKSHAFT PULLEY
M11K;SEGMENT;PISTON RING
M120;DIV CARTER CYLINDRE;VAR.CYL.HOUSING
M121;CARTER CYLINDRES;CYLINDER BLOCK
M122;CHEMISE;PISTON LINER
M123;CARTER INFERIEUR;SUMP
M124;JOINT DE CHEMISE;PISTON LINER SEAL
M125;BOUCHON CUVETTE EAU;COOLANT CORE PLUG
M126;JOINT DISTRIBUTION;END PLATE SEAL
M127;JOINT VILBREQUIN/COTE BV;C.SHAFT OIL SEAL
M12B;PLAQUE DE FERMETURE;END PLATE
M12C;JOINT/BOUCHON VIDANGE;DRAIN SEAL/PLUG
M12D;ARBRE INTERMEDIAIRE;INTERMED.SHAFT
M12F;PALIER ARBRE INTERMEDIAIRE;INTERMED.SHAFT BEARING
M12G;CASSETTE ARBRES EQUILIBRAGES;BALANCER SHAFT CASSETTE
M12M;PLAQUE ANTI BARBOTAGE / EMULSION;OIL SPLASH / ANTI-SPLASH PLATE
M132;TUYAUX RADIA. HUILE MOTEUR;OIL COOLER PIPES
M133;FILTRE A HUILE;OIL FILTER
M134;EMBASE REFROIDISSEUR;COOLING PIPE UNION
M135;JOINT EMBASE FILTRE A HUILE;FILTER HOUSING SEAL
M136;DERIVATION HUILE;OIL INLET
M137;JOINTS TORIQUES;OIL INLET SEAL
M138;TUYAU REFROIDISSEMENT HUILE;OIL COOLER PIPE
M139;ECHANGEUR D'HUILE MOTEUR;OIL EXCHANGER
M13A;PIGNON INTERNE DISTRIBUTION;INTER.SHAFT DRIVE
M13B;POMPE A HUILE;OIL PUMP
M13C;ENTRAINEMENT POMPE A HUILE;OIL PUMP DRIVE
M13E;CRÈPINE DE POMPE ‡ HUILE;OIL PUMP STRAINER
M13F;JOINT FILTRE HUILE;OIL FILTER SEAL
M13L;GROUPE AUXILIAIRE;SOFIM AUXILLIARY ASSY
M13N;OBTUR. HUILE CULASSE;CYL.HEAD OIL PLATE
M141;POMPE A EAU EQP;WATER PUMP
M144;PIECES CIRCUIT D'EAU PERIMETRE MECANIQUE;COOLANT OULET PIPE
M145;GMV REFROIDISSEMENT MOTEUR;ENG.COOL.FAN ASSY
M148;THERMOSTAT CIRCUIT EAU;THERMOSTAT CIRCUIT
M14B;ENTRAINEMENT POMPE A EAU;WATER PUMP PULLEY
M14E;BOITIER DE PILOTAGE GMV CMO;GMV CMO CONTROL UNIT
M14H;SONDE TEMPERATURE EAU THERMISTANCE (AIGUILLE);COOLANT TEMP.SENSOR
M14N;BOITIER VANNE THERMOSTATIQUE EQP;EQP THERMOSTAT VALVE UNIT
M14R;JOINT BOITIER SORTIE EAU;COOLANT OUTLET UNIT SEAL
M14V;TUYAU EAU ENTREE POMPE A EAU;WATER PUMP INLET PIPE
M1A2;TUYAU ALIMENTATION HUILE TURBO;OIL SUPPLY PIPE
M1D2;CAPTEUR TEMP AVANT TURBINE;TEMP SENSOR UPSTREAM OF TURBINE
M210;DIVERS CULASSE;VAR.CYL.HEAD
M211;CULASSE ASSEMBLEE;CYL.HEAD ASSY
M212;CULASSE : JOINT;CYL.HEAD:GASKET
M215;COUVRE CULASSE;CYL.HEAD COVER
M219;JOINT ARBRE A CAME COTE DISTRIBUTION;CAMSHAFT SEAL
M21B;CULASSE:OBTURATION;CYL.HEAD:CORE PLUG
M21C;CULASSE:PATTE LEVAGE;LIFTING LUG CYLINDER HEAD
M21D;SUPPORT MOTEUR SUR CULASSE;ENGINE MOUNTING ON CYLINDER HEAD
M220;DIV DISTRIBUTION;VAR.TIMING
M221;ARBRE A CAMES;CAMSHAFT
M222;POULIE PIGNON ARBRE A CAMES;TIMING GEAR PULLEY
M223;COUVERCLE CARTER DISTRIBUTION;CAMSHAFT COVER
M225;POULIE POMPE INJECTION;INJ. PUMP PULLEY
M226;PIGNON ARBRE INTERMEDIAIRE;INTER.SHAFT PULLEY
M227;CHAINE/COURROIE DISTRIBUTION;TIMING CHAIN/BELT
M228;TENDEUR DISTRIBUTION;TIMING TENSIONER
M229;ENROULEUR ACCESSOIRE;ROLLER
M22A;SOUPAPES ECHAPPEMEN;EXHAUST VALVES
M22B;SOUPAPES ADMISSION;INLET VALVES
M22C;GUIDES DE SOUPAPES;VALVE GUIDES
M22D;RESSORT DE SOUPAPE;VALVE SPRING
M22G;DEPHASEUR ARBRE A CAME;CAMSHAFT GEAR
M22H;BAGUE DEMI LUNE;V.SPRING COLLETS
M22J;POUSSOIR DE SOUPAPE;VALVE PUSHROD
M22K;PASTILLES REGLAGE;VALVE ADJ. SHIMS
M22M;CULBUTEUR/BASCULEUR;ROCKER
M22P;GALET ENROULEUR DISTRIBUTION;TIMING BELT TENSIONER
M22V;PIGNON DISTRIBUTION;TIMING GEAR
M22W;COURROIE ALTERNATEUR;ALTERNATOR BELT
M22Y;TENDEUR ACCESSOIRE;ACCESSORIES ROLLER
M22Z;ELECTROVANNE DEPHASEUR ARBRE A CAME;CAMSHAFT DEPHASER SOLENOID VALVE
M2A0;DIV DISTRIBUTION;VAR.TIMING
M2A1;COURROIE MULTIFONCTIONS;MULTI-FUNCT. BELT
M2A2;JOINT DE SOUPAPE;VALVE SEAL
M2A4;REGLAGE SOUPAPE;VALVE ADJ.
M420;DIV ALIMENTATION AIR;VAR.AIR SUPPLY
M424;ECHANGEUR EGR/EAU;EGR/WATER INTERCOOLER
M427;TUYAU AIR FROID ENTREE FILTRE;COLD AIR PIPE
M42C;ELECTROVANNE DE PILOTAGE DE VANNE EGR PNEUMATIQUE;EGR SOL.VALVE
M42F;VANNE EGR HAUTE PRESSION;EGR RECIRC.VALVE
M42L;CAPTEUR PRESSION ABSOLUE DANS TUBULURE;PRESSURE SENSOR
M42N;VANNE REGUL. RALENTI OU MICRO MOTEUR;IDLE SPEED ADJ VALVE
M42P;POTENTIOMET PL/PF;PL/PF POTENTIOM.
M42U;BY-PASS ECHANGEUR EGR/EAU;EGR/WATER INTERCOOLER BY-PASS
M430;DIVERS TURBO;VAR. TURBO
M431;TURBOCOMPRESSEUR;TURBO CHARGER
M433;ECHANGEUR TEMPERATURE;TEMP.EXCHANGER
M434;VALVE DERIVATION PRESSION TURBO;TURBO PRESS.INLET VALVE
M439;SOUPAPE REGULATION;REGUL. VALVE
M43C;REGLAGE PRESSION SURALIMENTATION;TURBO PRESSURE REG.
M44F;VANNE EGR BASSE PRESSION;LOW PRESSURE EGR VALVE
M4A2;POMPE TRANSFERT DE CARBURANT;FUEL TRANSFER PUMP
M4A6;JOINT POMPE A ESSENCE;FUEL PUMP SEAL
M4AE;VOLET ECHAPPEMENT;EXHAUST VALVE
M4B0;DIV INJECTION;THROTTLE BODY
M4B1;BOITIER PAPILLON;THROTTLE BODY
M4B2;ENSEMBLE POMPE JAUGE;ELEC.FUEL PUMP
M4B3;POMPE GAVAGE;BOOST PUMP
M4B4;FILTRE A ESSENCE;FUEL FILTER
M4B5;INJECTEUR ESSENCE;INJECTOR
M4B6;RAMPE D INJECTION;INJECTION BAR
M4B7;REGULATEUR PRESSION D ALIMENTATION :;PRESSURE REGUL.
M4B8;RELAIS POMPE ESSENCE;FUEL PUMP RELAY
M4BE;CALCULATEUR D'INJECTION;INJ. COMPUTER
M4BG;CAPTEUR PRESSION CARBURANT;FUEL PRESSURE SENSOR
M4BH;BOITIER COUPURE ALIMENTATION;FUEL CUT-OFF UNIT
M4BJ;VOLET RÈGUL REMPLISSAGE ADM AIR;AIR INTAKE FILLING ADJUSTMENT FLAP
M4BP;SUPPORT CALCULATEUR D'INJECTION;INJECTION COMPUTER MOUNTING
M4BT;CAPTEUR PRESENCE EAU;WATER PRESENCE SENSOR
M4C0;DIV INJECTION DIESEL;VAR.DIESEL INJ.
M4C1;POMPE INJECTION;INJECTION PUMP
M4C3;CAPTEUR BP CARBURANT;SOL.VALVE STOP
M4C8;TUYAUTERIE HAUTE PRESSION;HP PIPES
M4C9;TUYAUX INJECTEUR A INJECTEUR;DIESEL RETURN PIPES
M4CA;TUBES CARBURANT;FUEL SUPPLY PIPES
M4CB;INJECTEUR (UNIQUEMENT LES OPÈCODES);INJECTOR
M4CC;INJECTEUR DIESEL;INJECTOR CARRIER
M4CE;CALCULATEUR INJECTION DIESEL;INJEC.COMP.DIESEL
M4CG;PORTE INJECTEUR INSTRUMENTE;INSTR.INJ.SUPPORT
M4CJ;RESSORT PORTE INJECTEUR;INJ.CARRIER SPRING
M4CN;ENSEMBLE FILTRE GAZ-OIL;DIESEL FILTER ASSEMBLY
M4CP;POMPE D AMORCAGE;PRIMER PUMP
M4CR;CARTOUCHE FILTRANTE GASOIL;FILTER CARTRIDGE
M4CS;SUPPORT POMPE INJECTION;INJECTION PUMP MOUNTING
M4CT;JOINT CIRCUIT GAS OIL;DIESEL CIRCUIT SEAL
M4CU;SUPPORT FILTRE GAZ-OIL;DIESEL FILTER MOUNTING
M4CY;PROTECTEUR FILTRE CARBURANT;FUEL FILTER GUARD
M4CZ;PROTECTEUR DE POMPE INJECTION CARBURANT (PPIC);FUEL INJECTION PUMP GUARD
M4D6;RACCORD HAUTE PRESSION;HP PIPE
M4D7;ARBRE ENTRAINEMENT;DRIVE SHAFT
M4DF;LEVIER DE CHARGE;LOAD LEVER
M4EN;JOINT ARBRE ENTRAINEMENT;DRIVE SHAFT SEAL
M4F0;DIV INJECTION DIESEL;VAR.DIESEL INJ.
M4F1;JOINT AXE CHARGE;LOAD PIN SEAL
M4F2;JOINT CLAPET REGULATION PRESSION TRANSFERT;REG.VALVE SEAL
M4F3;JOINT VIS CALAGE;ADJ.SCREW SEAL
M4F4;ETANCHEITE POMPE INJECTION;FLOW SCREW SEAL
M4F5;JOINT LEVIER REGULATEUR;REG.LEVER SEAL
M4FA;POTENTIOMETRE DE CHARGE;LOAD POTENTIOMETER
M4FB;TUYAU INJECTEUR A POMPE;INJ.RETURN PIPE
M4FD;RECHAUFFEUR ELECTRIQUE;ELEC.HEATER
M4FG;FIXATION PORTE INJECTEUR;INJECT PUMP BRK
M4FM;ACTIONNEUR ELECTROVANNE DE STOP CODE;STOP SOLENOID
M4FN;JOINT ETANCHEITE INJECTEUR;INJECTOR SEAL
M4G0;DIV ALIMENTAT AIR;AR. AIR SUPPLY
M4GA;ACTUATEUR D'AVANCE;ADVANCE ACTIVATOR
M4GD;PROTECTEUR RAMPE CARBURANT;FUEL RAIL GUARD
M4H3;JAUGE NIVEAU GPL/GNV;GPL GUAGE LEVEL
M4H6;TUYAU REMPLISSAGE GPL;FILL UP PIPE
M4H8;TUYAU RIGIDE GPL;RIGIG PIPE GPL
M4HA;TUYAU SOUPLE GPL/GNV;GPL PIPE
M510;DIVERS ALLUMEUR;VAR. IGNITION
M511;BOITIER PRECHAUFFAGE;HEATER UNIT
M512;BOUGIE PRECHAUFFAGE;PLUG PREHEATER
M513;MICROCONTACT POSTCHAUFFAGE;POST-HEAT.MICROSWITCH
M514;THERMOCONTACT POST-CHAUFFAGE;POST HEAT.THERMOCONTACT
M516;CAB LIAISON BOUGIES;S.PLUG CONNECT.WIR
M518;CAPTEUR MAGNETIQUE(REGIME ALLUMAGE) PMH;MAGNETIC SENSOR
M519;DETECTEUR DE CLIQUETIS;PINKING SENSOR
M51C;BOUGIE D'ALLUMAGE;SPARK PLUG
M51D;MODULE ALL ELECTR (BOBINE);IGNITION COIL
M51F;FAISCEAU HT;HT HARNESS
M51K;CONDENSATEUR;CONDENSER
M51L;DISTRIBUTEUR;DISTRIBUTION HEAD
M51N;JOINT ARBRE A CAME COTE ALLUMEUR;CAMSHAFT SEAL
M51W;CAPTEUR A A CAME;CAMSHAFT SENSOR
M521;DEMARREUR;START.MOTOR
M523;COMPOSANTS DEMARREUR;S.MOTOR ARMATURE
M530;DIV CONTROL MOTEUR;VAR.ENGINE CONTROL
M531;SONDE A OXYGENE (LAMBDA/ UEGO);OXYGEN SENSOR(LAMDA)
M535;SONDE TEMP. EAU (INJECTION);COOL.TEMP.SENSOR(INJ)
M536;SONDE NIVEAU HUILE;OIL LEVEL SENSOR
M537;CAPTEUR PRESSION HUILE;OIL PRESSURE SWITCH
M5A2;RGL AVANCE / DWEL;ADVANCE REG.
M611;MOTEUR ELECTRIQUE TRACTION;TRACTION MOTOR
M613;CONVERTISSEUR VEHICULE ELECTRIQUE;CONVERT. ELEC.VEH
M617;CONVERTISSEUR VEH HYB;HYBRID VEHICLE TRANSFORMER
M631;MOT ELEC TRACTION ADD HYB;ADDITIONAL HYBRID ELECTRIC TRACTION MOTOR
M651;REDUCTEUR DIFF. DE TRAC;TRACT. DIFFE. REDUCER
M655;ROULEMENT MOT.ELEC.TRAC.;ELEC.TRAC.ENG. BEARING
M662;CAPTEUR POSITION ROTOR;ROTOR POSITION SENSOR
M721;TUYAU DEPRESSION;VACUUM PIPE
M727;NOXDE NOX;NOXDE NOX
M731;TUYAUX RECYCLAGE;RECIRC. PIPES
M741;DECANTEUR;DECANTER
M743;TUYAU RETOUR HUILE DECANTATION;OIL SEPARATOR RETURN PIPE
R121;TUBES CARBURANT SOUS CAISSE;FLEX. FUEL PIPES
R122;TUBES RIGIDES CARBURANT;RIGID FUEL PIPES
R124;TUYAU MISE A AIR;BREATHER PIPE
R125;CANALISATION ALIM UREE;UREA SUPPLY PIPE
R141;RESERVOIR CARBURANT;FUEL TANK
R142;JAUGE POMPE CARBURANT;FUEL GAUGE RHEOSTAT
R143;ECROU JAUGE/POMPE;PUMP/GAUGE NUT
R144;PIPE REMPLISSAGE RESERVOIR;FUEL FILLER PIPE
R145;JOINT JAUGE POMPE;PUMP SENDER SEAL
R146;RACCORD PIPE/RESERVOIR;FUEL TANK/CONNEC.PIPE
R147;CLAPET ANTI RETOUR;ANTI-RETURN VALVE
R14C;RESERVOIR GPL;LPG RESERVOIR
R14E;RESERVOIR ADT UREE;UREA ADT TANK
R14F;PIPE REMPL RZ ADT UREE;UREA ADT RZ REPLACEMENT PIPE
R14H;POMPE CARBURANT UREE;UREA FUEL PUMP
R211;RADIATEUR REFROIDISSEMENT MOTEUR;ENG.COOL.RADIATOR
R222;SORTIE RADIATEUR(CAOUTCHOUC);RAD.OUTLET(RUBBER)
R223;ENTREE RADIATEUR(CAOUTCHOUC);RAD.INLET(RUBBER)
R226;ENTREE AEROTHERME;HEAT.MATRIX INLET
R227;SORTIE AEROTHERME;HEAT.MATRIX OUTLET
R228;ENTREE RECHAUFFEUR GAS OIL;HEATER INLET
R229;SORTIE RECHAUFFEUR GAS OIL;HEATER OUTLET
R22A;ENTREE REFROIDISSEUR B.V.A;COOLING INLET
R22B;SORTIE REFROIDISSEUR B.V.A;COOLING OUTLET
R22C;ENTREE VASE EXPANSION;EXP. VASE INLET
R22D;SORTIE POMPE EAU;WATER PUMP OUTLET
R22F;TUYAU CIRCULATION TURBO;TURBO CIRC. PUMP
R22H;SORTIE POMPE ELECTRIQUE;ELEC. PUMP OUTLET
R22J;TUYAU AEROTHERME TUYAU RIGIDE CIRCULATION EAU;HEAT.MATRIX PIPE
R22L;TUYAU ECHANGEUR D HUILE;OIL EXCHANGER PIPE
R22M;ENTREE POMPE A EAU;WATER PUMP INLET
R22R;DURITE REFROIDISSEMENT MOTEUR/BOITE;TOP UNION
R22V;ENTREE PPE ELECTRIQUE;ELEC.PUMP INLET
SA1C;SAC GONFLABLE SIEGE G;SEAT AIR BAG
SA1D;SAC GONFLABLE SIEGE D;SEAT AIR BAG
T110;DIV PALIER RELAIS;VAR.BEARING RELAY
T111;PALIER SUPPORT TRANSMISSIONS AV;D/SHAFT SUPP.BEARING
T136;SOUFFLET COTE PONT TRANSMISSION;GAITER F.DRIVE END
T137;SOUFFLET COTE ROUE TRANSMISSION;GAITER WHEEL END
T141;TRANSMISSION AV GAUCHE COMPLETE;FR.D/SHAFT
T142;ARBRE TULIPE D/G TRANSMISSIONS AV;RH/LH SHAFT TULIP
T144;MANCHON DE TRANSMISSION DROIT;RH D/SHAFT SLEEVE
T147;ECROU DE FUSEE;D/SHAFT NUT
T148;TRIPODE;C-V JOINT
T149;SOUFFLET GAUCHE COTE BV OU PONT AR D/G;GAITER GBOX END
T14D;TRANS AV DROITE COMPLETE;COMPLETE FRONT RIGHT-HAND DRIVESHAFT
T152;ARBRE INTER TRANSMISSION LONGITUDINALE;INTERMED. D/SHAFT
T153;FLEXIBLOC;RUBBER MOUNTING
T154;JOINT CARDAN (CROISILLON TRANSMISSIO N LONGI);UNIVERSAL JOINT
T165;COUPLE CONIQUE PONT;FINAL DRIVE
V123;ACTIONNEUR REGLAGE PHARES;H/LIGHT ADJ.
V137;CONTACTEUR BOITE GANTS;GLOVEBOX SWITCH
V138;CONTACTEUR ECLAIRAGE COFFRE OU HAYON;BOOT LIGHT SWITCH
V221;MOTEUR ESSUIE-VITRE AV;W/S WIPER MOTOR
V222;PORTE BALAI ESSUIE-VITRE AV;SCREEN WIPER ARM
V223;BALAIE-VITRE AV;WIPER BLADE
V224;TIMONERIE ESSUIE-VITRE;WIPER LINKAGE
V252;POMPE LAVE GLACE;SCREEN WASH.PUMP
V311;VITRE LUNETTE AR;RR.SCREEN GLASS
V321;VITRE PARE BRISE;WINDSCREEN GLASS