1;4210;CAPOT AV;HOOD 
1;4211;ARTICULATION G CAPOT AV;HOOD LH HINGE
1;4212;ARTICULATION D CAPOT AV;HOOD RH HINGE 
1;5518;PENE OU ANNEAU CAPOT AV;HOOD LATCH OR RING
1;5519;SERRURE CENTRALE CAPOT;HOOD CENTRAL LOCK 
1;5535;BEQUILLE CAPOT AV;HOOD STAY
1;5553;EQUILIBREUR PNEUMATIQUE AVG CAPOT;HOOD FR LH PNEUMATIC STAY
1;5554;EQUILIBREUR PNEUMATIQUE AVD CAPOT;HOOD FR RH PNEUMATIC STAY
1;8804;INSONORISANT CAPOT AV;HOOD SOUND-PROOFING
1;4237;CROCHET FIXE SECURITE CAPOT;HOOD FIXED SAFETY HOOK
1;4246;TRAVERSE AV;FRONT CROSS MEMBER
1;5665;JOINT ETANCHE TRAVERSE CALANDRE RADIA;RADIATOR GRILLE CROSS MEMBER SEAL
1;5801;PLAQUE SERIE;SERIAL NUMBER PLATE
1;8801;INSONORISANTS TABLIER;DASH PANEL SOUND-PROOFING
1;4321;BOITE A EAU;WATER BOX
1;5663;JOINT BOITE A EAU;WATER BOX SEAL
1;7507;MOTEUR ESSUIE-VITRE AV;FR WINDSHIELD WIPER MOTOR
1;3135;AMORTISSEUR AVG;FR LH SHOCK ABSORBER 
1;3136;AMORTISSEUR AVD;FR RH SHOCK ABSORBER 
1;1010;BLOC MOTEUR;ENGINE BLOCK
1;1154;GOULOTTE REMPLISSAGE HUILE MOTEUR;ENGINE OIL FILLING SPOUT
1;1160;JAUGE HUILE MOTEUR;ENGINE OIL DIPSTICK
1;1161;GUIDE JAUGE HUILE MOTEUR;ENGINE OIL DIPSTICK GUIDE
1;1207;BOUCHON REMPLISSAGE HUILE MOTEUR;ENGINE OIL FILLING CAP
1;1209;CROCHET LEVAGE MOTEUR;ENGINE LIFTING HOOK
1;1228;CULASSE;CYLINDER HEAD
1;1238;CACHE CULBUTEURS;ROCKER ARM COVER 
1;1270;CARTER DISTRIBUTION;TIMING GEAR HOUSING
1;1315;POMPE MECANIQUE CARBURANT;FUEL MECHANICAL PUMP
1;1401;POMPE ELECTRIQUE ALIMENTATION INJ;INJECTION FEED ELECTRIC PUMP
1;1420;POMPE A INJECTION DIESEL;DIESEL INJECTION PUMP 
1;1550;TURBO COMPRESSEUR;TURBOCHARGER
1;1718;BOUCHON VASE D EXPANSION;BOUCHON VASE D' EXPANSION
1;1800;ALTERNATEUR;ALTERNATOR
1;1807;DEMARREUR;STARTER
1;1950;CAPOTAGE ACOUSTIQUE SUPERIEUR MOTEUR;ENGINE UPPER ACOUSTIC COWLING
1;8101;TUYAUTERIE BASSE PRESSION CA;AC LOW PRESSURE PIPING 
1;8102;TUYAUTERIE HAUTE PRESSION (HP) CA;AC HIGH PRESSURE (HP) PIPING 
1;8125;COMPRESSEUR;COMPRESSOR
1;1340;CABLE ACCELERATEUR;ACCELERATOR CABLE
1;1629;CALCULATEUR INJECTION;INJECTION ECU 
1;1715;MOTO-VENTILATEUR DE REFROIDISSEMENT;MOTOR-DRIVEN COOLING FAN
1;1820;BATTERIE;BATTERY
1;1827;PATTE FIXATION BATTERIE;BATTERY MOUNTING LUG
1;7703;CABLAGE AV;FRONT WIRING
1;7709;CABLE POSITIF;POSITIVE CABLE
1;7711;CABLE NEGATIF BATTERIE;BATTERY NEGATIVE CABLE 
1;7740;MASSE CARROSSERIE;BODY GROUND
1;7741;MASSE MOTEUR;ENGINE GROUND
1;1317;FILTRE A CARBURANT ESSENCE;PETROL FILTER 
1;1319;TUYAU ALIMENTATION CARBURANT MOTEUR;ENGINE FUEL SUPPLY HOSE
1;1430;FILTRE CARBURANT DIESEL;DIESEL FUEL FILTER
1;1501;CARTER FILTRE A AIR;AIR FILTER HOUSING
1;1700;RADIATEUR REFROIDISSEMENT EAU;WATER COOLING RADIATOR
1;1702;BOUCHON DE RADIATEUR EAU;WATER RADIATOR CAP
1;1712;VASE EXPANSION;ENGINE COOLANT TANK
1;3601;BOUCHON RESERVOIR LIQUIDE FREIN;BRAKE FLUID TANK CAP
1;3602;POMPE A VIDE;VACUUM PUMP
1;3603;DURIT DEPRESSION MASTERVAC;MASTERVAC VACUUM HOSE
1;3610;MASTERVAC;MASTERVAC
1;3613;MAITRE CYLINDRE;MASTER CYLINDER
1;3614;RESERVOIR LIQUIDE FREIN;BRAKE FLUID TANK
1;3670;CANALISATIONS FREINS ( ENS );BRAKE LINES (SET)
1;3700;ASSISTANCE FREINAGE ( ENS );BRAKING BOOSTER (SET)
1;1900;SUSPENSION GROUPE MOTO PROPULSEUR;POWERTRAIN SUSPENSION 
1;7001;PROJECTEUR G;LH HEADLIGHT
1;7002;PROJECTEUR D;RH HEADLIGHT
2;4208;CALANDRE;RADIATOR GRILLE FINISHER
2;4210;CAPOT AV;HOOD 
2;4000;CAISSE;BODY
2;4210;CAPOT AV;HOOD 
2;4340;BAIE DE PARE-BRISE;WINDSHIELD APERTURE
2;4957;PLAGE D'AUVENT / GRILLE ENTREE D'AIR;COWL LEDGE / AIR INTAKE GRILLE
2;5143;DEFLECTEUR LATERAL G PARE-BRISE;WINDSHIELD LH SIDE DEFLECTOR
2;5144;DEFLECTEUR LATERAL D PARE-BRISE;WINDSHIELD RH SIDE DEFLECTOR
2;5215;BOUCLIER AV;FRONT BUMPER
2;5600;PARE-BRISE;WINDSHIELD 
2;5806;LOGO AV;FRONT LOGO
2;5808;MONOGRAMME AV;FRONT BADGE
2;7001;PROJECTEUR G;LH HEADLIGHT
2;7002;PROJECTEUR D;RH HEADLIGHT
2;7017;PHARE ANTI BROUILLARD G;LH FOG LIGHT 
2;7018;PHARE ANTI BROUILLARD D;RH FOG LIGHT 
2;7029;FEU DE JOUR L.E.D. GAUCHE;FR LH L.E.D. POSITION LIGHT
2;7030;FEU DE JOUR L.E.D. DROIT;FR RH L.E.D. POSITION LIGHT
2;7501;PORTE RACLETTE ESSUIE-VITRE AVG;FR LH WINDOW WIPER HOLDER 
2;7502;PORTE RACLETTE ESSUIE-VITRE AVD;FR RH WINDOW WIPER HOLDER 
2;7631;CAPTEUR AIDE AU PARKING BOUCLIER AVANT;PARKING ASSISTANCE SENSOR FR BUMPER
2;4313;PAVILLON ( UNIQUE OU CABINE );ROOF (SINGLE OR CABIN)
2;5672;TOIT OUVRANT VERRE AV;FR GLASS OF SUNROOF 
2;5779;GALERIE DE TOIT BARRE G;LH BAR ROOF RACK
2;5780;GALERIE DE TOIT BARRE D;RH BAR ROOF RACK
2;5913;TOIT VERRE PANORAMIQUE;PANORAMIC GLASS ROOF 
2;7907;PIED ANTENNE RADIO;RADIO AERIAL STEM
2;7908;BRIN ANTENNE RADIO;RADIO AERIAL STRAND
2;3935;ROUE AVG;FR LH WHEEL
2;4213;AILE AVG;FRONT LH FENDER
2;4401;PORTE AVG;FRONT LH DOOR
2;5129;ENJOLIVEUR CADRE DE PORTE AVG;FR LH DOOR FRAME MOULDING 
2;5219;ELARGISSEUR AILE AVG;PROTECTOR OR FR LH FENDER EXTENDER
2;5221;PROTECTEUR PORTE AVG;FR LH DOOR PROTECTOR
2;5241;PROTECTEUR INT PASSAGE ROUE AVG;FR LH WHEEL ARCH INNER PROTECTOR 
2;5455;COMMANDE EXTERIEURE OUVERTURE PTE AVG;FR LH OPENING DOOR OUTER CONTROL
2;5651;COULISSE OU COULISSE EXT VITRE PORTE AVG;FR LH DOOR GLASS RUN CHANNEL
2;5659;LECHEUR EXT PORTE AVG;FR LH DOOR OUTER WEATHERSTRIP 
2;5775;RETROVISEUR EXT G REGLABLE DE INT;LH SIDE MIRROR ADJUSTABLE FROM INSIDE
2;6191;MONOGRAMME CADRE PORTE AVG;MONOGRAMME CADRE PORTE AVG
2;7055;FEU DE GABARIT AVG;FR LH CLEARANCE LIGHT
2;7111;FEU CLIGNOTANT AILE OU PORTE AVG;FRLH FENDER OR DOOR TURNSIGNAL INDICATOR
2;4389;COTE DE CAISSE G;LH BODY SIDE 
2;4403;PORTE ARG;REAR LH DOOR 
2;5121;ENJOLIVEUR BAS DE CAISSE G.;LH LOWER SIDE PANEL MOULDING 
2;5131;ENJOLIVEUR CADRE DE PORTE ARG;RR LH DOOR FRAME MOULDING 
2;5223;PROTECTEUR PORTE ARG;RR LH DOOR PROTECTOR
2;5457;COMMANDE EXTERIEURE OUVERTURE PTE ARG;RR LH OPENING DOOR OUTER CONTROL
2;5653;COULISSE OU COULISSE EXT VITRE PORTE ARG;RR LH DOOR GLASS RUN CHANNEL
2;5657;LECHEUR EXT PORTE ARG;RR LH DOOR OUTER WEATHERSTRIP
2;1304;BOUCHON RESERVOIR CARBURANT;FUEL TANK CAP
2;3929;ROUES AR;REAR WHEELS
2;4506;TRAPPE CARBURANT;FUEL FLAP
2;4513;AILE ARG;RR LH FENDER
2;4521;BOL TRAPPE CARBURANT;FUEL FLAP BOWL
2;5163;ELARGISSEUR AILE ARG / PROTECT AILE ARG;ELARGISSEUR AILE ARG / PROTECTEUR AILE A
2;5243;PROTECTEUR INT PASSAGE ROUE ARG;RR LH WHEEL ARCH INNER PROTECTOR 
2;7057;FEU DE GABARIT ARG;RR LH CLEARANCE LIGHT
2;4520;PORTE DE COFFRE ( ENS );TRUNK LID
2;5010;BECQUET ( AR );SPOILER (REAR)
2;5216;BOUCLIER AR;REAR BUMPER
2;5513;BOUTON POUSSOIR PORTE COFFRE;TRUNK LID PUSHBUTTON 
2;5524;POIGNEE PORTE COFFRE;TRUNK LID HANDLE
2;5594;LUNETTE AR MOBILE;MOVING REAR WINDOW 
2;5601;LUNETTE AR FIXE;FIXED REAR WINDOW 
2;5807;MONOGRAMME AR;REAR BADGE
2;5882;LOGO AR;REAR LOGO
2;7172;FEU STOP SURELEVE;HIGH-LEVEL BRAKE LIGHT
2;7529;PORTE RACLETTE ESSUIE LUNETTE AR;REAR WINDOW WIPER HOLDER 
2;7632;CAPTEUR AIDE AU PARKING BOUCLIER ARRIERE;PARKING ASSISTANCE SENSOR RR BUMPER
2;4514;AILE ARD;RR RH FENDER
2;5170;ELARGISSEUR D' AILE ARD;RR RH FENDER EXTENDER
2;5244;PROTECTEUR INT PASSAGE ROUE ARD;RR RH WHEEL ARCH INNER PROTECTOR 
2;7058;FEU DE GABARIT ARD;RR RH CLEARANCE LIGHT
2;4390;COTE DE CAISSE D;RH BODY SIDE
2;4402;PORTE AVD;FRONT RH DOOR
2;4404;PORTE ARD;REAR RH DOOR 
2;5122;ENJOLIVEUR BAS DE CAISSE D.;RH LOWER SIDE PANEL MOULDING 
2;5130;ENJOLIVEUR CADRE DE PORTE AVD;FR RH DOOR FRAME MOULDING 
2;5132;ENJOLIVEUR CADRE DE PORTE ARD;RR RH DOOR FRAME MOULDING 
2;5222;PROTECTEUR PORTE AVD;FR RH DOOR PROTECTOR
2;5224;PROTECTEUR PORTE ARD;RR RH DOOR PROTECTOR
2;5456;COMMANDE EXTERIEURE OUVERTURE PTE AVD;FR RH OPENING DOOR OUTER CONTROL
2;5458;COMMANDE EXTERIEURE OUVERTURE PTE ARD;RR RH OPENING DOOR OUTER CONTROL
2;5652;COULISSE OU COULISSE EXT VITRE PORTE AVD;FR RH DOOR GLASS RUN CHANNEL
2;5654;COULISSE OU COULISSE EXT VITRE PORTE ARD;RR RH DOOR GLASS RUN CHANNEL
2;5658;LECHEUR EXT PORTE ARD;RR RH DOOR OUTER WEATHERSTRIP
2;5660;LECHEUR EXT PORTE AVD;FR RH DOOR OUTER WEATHERSTRIP 
2;6192;MONOGRAMME CADRE PORTE AVD;MONOGRAMME CADRE PORTE AVD
2;3934;ROUE AVD;FR RH WHEEL
2;4214;AILE AVD;FRONT RH FENDER
2;5220;ELARGISSEUR AILE AVD;PROTECTOR OR FR RH FENDER EXTENDER
2;5242;PROTECTEUR INT PASSAGE ROUE AVD;FR RH WHEEL ARCH INNER PROTECTOR 
2;5776;RETROVISEUR EXT D REGLABLE DE INT;RH SIDE MIRROR ADJUSTABLE FROM INSIDE
2;7056;FEU DE GABARIT AVD;FR RH CLEARANCE LIGHT
2;7112;FEU CLIGNOTANT AILE OU PORTE AVD;FRRH FENDER OR DOOR TURNSIGNAL INDICATOR
2;4538;TRAPPE DE CHARGE ELECTRIQUE;ELECTRIC CHARGE FLAP
3;4307;PIED MILIEU G;LH CENTRE PILLAR 
3;4373;ENTREE PORTE AVG;FR LH DOOR OPENING
3;4401;PORTE AVG;FRONT LH DOOR
3;4429;ARRET PORTE AVG;FR LH DOOR STRIKE - CHECK LINK
3;5413;GACHE PORTE AVG;FR LH DOOR STRIKER 
3;5643;JOINT PORTE AVG;FR LH DOOR OPENING WEATHERSTRIP
3;5675;JOINT DOUBLE ETANCHEITE PORTE AVG;FR LH DOOR DOUBLE WEATHERSTRIP
3;6313;GARNITURE BAS MARCHE UNIQUE G OU AVG;SINGLE LH OR FR LH DOOR SILL TRIM
3;7705;CABLAGE G ACCESSOIRE PORTE AVG;FR LH DOOR ACCESSORY LH WIRING
3;4375;ENTREE PORTE ARG;RR LH DOOR OPENING
3;4403;PORTE ARG;REAR LH DOOR 
3;4431;ARRET PORTE ARG;RR LH DOOR STRIKE - CHECK LINK
3;5355;GACHE INFERIEURE PORTE COULISSANTE G;LH SLIDING DOOR LWR STRIKER
3;5415;GACHE PORTE ARG;RR LH DOOR STRIKER 
3;5529;GACHE SUPERIEURE PORTE COULISSANTE G;LH SLIDING DOOR UPR STRIKER
3;5555;GACHE CENTRALE OU UNIQUE PTE COULISS G.;LH SLIDING DOOR CENTRAL OR SINGL STRIKER
3;5645;JOINT PORTE ARG;RR LH DOOR OPENING WEATHERSTRIP
3;5677;JOINT DOUBLE ETANCHEITE PORTE ARG;RR LH DOOR DOUBLE WEATHERSTRIP
3;6399;GARNITURE BAS MARCHE ARG;RR LH DOOR SILL TRIM
3;7737;CABLAGE ACCESSOIRES PORTE ARG;RR LH DOOR ACCESSORY WIRING
3;3911;CRIC;JACK
3;3915;TREUIL ROUE DE SECOURS;SPARE WHEEL WINCH
3;3931;ROUE DE SECOURS;SPARE WHEEL
3;3932;BOMBE OU KIT ANTI-CREVAISON;PUNCTURE REPAIR SPRAY OR KIT
3;3951;CROCHET DE REMORQUAGE VISSE;BOLTED TOWING HOOK
3;4500;COFFRE;TRUNK
3;4503;GOUTTIERE ENCADREMENT COFFRE;TRUNK FRAME OPENING DRIP RAIL
3;4511;CHARNIERE G PORTE DE COFFRE;TRUNK LID LH HINGE
3;4512;CHARNIERE D PORTE DE COFFRE;TRUNK LID RH HINGE
3;4520;PORTE DE COFFRE ( ENS );TRUNK LID
3;4523;LOGEMENT ROUE DE SECOURS;SPARE WHEEL HOUSING
3;4843;CHARNIERE PORTE BATTANTE AR G.;RR LH SWING DOOR HINGE 
3;4844;CHARNIERE PORTE BATTANTE AR D.;RR RH SWING DOOR HINGE 
3;5191;ENJOLIVEUR BARRE DE SEUIL ENTREE COFFRE;APRON TRIM MOLDING
3;5507;EQUILIBREUR PNEUMATIQUE G PORTE COFFRE;TRUNK LID LH PNEUMATIC STAY
3;5508;EQUILIBREUR PNEUMATIQUE D PORTE COFFRE;TRUNK LID RH PNEUMATIC STAY
3;5575;SERRURE PORTE BATTANTE AR (ENSEMBLE);RR SWING DOOR LOCK (SET)
3;5642;JOINT PORTE COFFRE;TRUNK LID OPENING WEATHERSTRIP
3;6340;TABLETTE AR MOBILE;MOVABLE REAR SHELF
3;6351;CACHE BAGAGE;LUGGAGE COVER
3;6370;GARNITURE ENTREE DE COFFRE(UNIQUE);TRUNK OPENING TRIM (SINGLE)
3;6531;LOGEMENT KIT ANTI-CREVAISON;BOX FOR PUNCTURE REPAIR KIT
3;6579;FILET DE RETENUE BAGAGES;LUGGAGE NET
3;4376;ENTREE PORTE ARD;RR RH DOOR OPENING
3;4404;PORTE ARD;REAR RH DOOR 
3;4432;ARRET PORTE ARD;RR RH DOOR STRIKE - CHECK LINK
3;5356;GACHE INFERIEURE PORTE COULISSANTE D;RH SLIDING DOOR LWR STRIKER
3;5416;GACHE PORTE ARD;RR RH DOOR STRIKER 
3;5530;GACHE SUPERIEURE PORTE COULISSANTE D;RH SLIDING DOOR UPR STRIKER
3;5544;GACHE CENTRALE OU UNIQUE PTE COULISS D.;RH SLIDING DOOR CENTRAL OR SINGL STRIKER
3;5646;JOINT PORTE ARD;RR RH DOOR OPENING WEATHERSTRIP
3;5676;JOINT DOUBLE ETANCHEITE PORTE ARD;RR RH DOOR DOUBLE WEATHERSTRIP
3;6398;GARNITURE BAS MARCHE ARD;RR RH DOOR SILL TRIM
3;7736;CABLAGE ACCESSOIRES PORTE ARD;RR RH DOOR ACCESSORY WIRING
3;4308;PIED MILIEU D;RH CENTRE PILLAR 
3;4374;ENTREE PORTE AVD;FR RH DOOR OPENING
3;4402;PORTE AVD;FRONT RH DOOR
3;4430;ARRET PORTE AVD;FR RH DOOR STRIKE - CHECK LINK
3;5414;GACHE PORTE AVD;FR RH DOOR STRIKER 
3;5644;JOINT PORTE AVD;FR RH DOOR OPENING WEATHERSTRIP
3;5674;JOINT DOUBLE ETANCHEITE PORTE AVD;FR RH DOOR DOUBLE WEATHERSTRIP
3;6314;GARNITURE BAS MARCHE UNIQUE D OU AVD;SINGLE RH OR FR RH DOOR SILL TRIM
3;7704;CABLAGE D ACCESSOIRE PORTE AVD;FR RH DOOR ACCESSORY RH WIRING
4;6331;GARNITURE PAVILLON HABITACLE OU CABINE;PASSENGER COMPARTMENT OR CABIN ROOF TRIM
4;6386;RIDEAU TOIT FIXE OU OUVRANT AV;FR SUNROOF BLINDS
4;4405;BANDEAU INT.PORTE AV G;FR LH DOOR INNER STRIP
4;4463;MONTANT VITRE FIXE PORTE AVG;FR LH DOOR FIXED WINDOW PILLAR 
4;5655;LECHEUR INT PORTE AVG;FR LH DOOR INNER WEATHERSTRIP 
4;5715;CEINTURE SECURITE AVG;FR LH SAFETY BELT
4;5737;POIGNEE MAINTIEN AVG;FR LH GRAB HANDLE 
4;5743;PARE-SOLEIL G;LH SUN VISOR
4;5871;COMMANDE REGLAGE EN HAUTEUR CEINTURE AVG;FR LH BELT HEIGHT ADJUSTMENT CONTROL
4;6309;GARNITURE PIED AVG;FR LH PILLAR TRIM
4;6401;PANNEAU INT PORTES AVG;FR LH DOOR FINISHER
4;6603;DOSSIER SIEGE AVG;FR LH SEAT BACK
4;6605;ASSISE SIEGE AVG;FR LH SEAT CUSHION
4;6607;APPUI TETE SIEGE AVG;FR LH SEAT HEADREST
4;6611;COMMANDE INCLINAISON DOSSIER SIEGE AVG;FR LH SEAT BACK RECLINING CONTROL
4;6613;COMMANDE BASCULEMENT SIEGE AVG;FR LH SEAT TILTING CONTROL
4;6615;COMMANDE REHAUSSE ASSISE SIEGE AVG;FR LH SEAT CUSHION RAISING CONTROL
4;6617;GLISSIERES SIEGE AVG;FR LH SEAT RUNNERS
4;6619;COMMANDE REGLAGE GLISSIERE SIEGE AVG;FR LH SEAT RUNNER ADJUSTMENT CONTROL
4;6629;GARNITURE AR DOSSIER SIEGE AVG;FR LH SEAT BACK REAR TRIM
4;6649;CARTER SOUS ASSISE SIEGE AVG;CASING UNDER FR LH SEAT CUSHION 
4;6651;CARTER AR DOSSIER SIEGE AVG;FR LH SEAT BACK REAR CASING
4;6663;TABLETTE SNCF DOSSIER SIEGE AVG;FR LH SEAT BACK FOLD-DOWN SHELF
4;7797;PRETENSIONNEUR AVG;FR LH PRETENSIONER 
4;7801;ECLAIRAGE SUR CAISSON PORTE AVG;LIGHTING ON FR LH DOOR INNER PANEL
4;1341;PEDALE ACCELERATEUR;ACCELERATOR PEDAL
4;2015;PEDALE EMBRAYAGE;CLUTCH PEDAL
4;2130;LEVIER DE VITESSES;GEARSHIFT LEVER
4;2136;POMMEAU LEVIER DE VITESSES;GEARSHIFT KNOB
4;2335;LEVIER DE SELECTION BVA;AUTOMATIC GEARBOX SELECTION LEVER
4;2395;PALETTE G PASSAGE VITESSES AU VOLANT;LH PADDLE SHIFT
4;2396;PALETTE D PASSAGE VITESSES AU VOLANT;RH PADDLE SHIFT
4;3308;VOLANT DE DIRECTION;STEERING WHEEL
4;3607;PEDALE DE FREIN;BRAKE PEDAL
4;3650;FREIN A MAIN;HANDBRAKE 
4;3658;FREIN DE PARKING AUTO;AUTOMATIC PARKING BRAKE
4;6107;SOUFFLET LEVIER FREIN A MAIN;HANDBRAKE LEVER BELLOWS
4;6108;SOUFFLET LEVIER DE VITESSE;GEARSHIFT BELLOWS
4;6217;ENJOLIVEUR VOLANT;STEERING WHEEL MOULDING 
4;6233;CACHE COUSSIN AIRBAG VOLANT;DRIVER AIRBAG CUSHION
4;6521;BAC DE RANGEMENT CENTRAL AVANT;FR CENTRAL STORAGE COMPARTMENT
4;6627;ACCOUDOIR CENTRAL SIEGE AV;FR SEAT CENTRAL ARMREST
4;6653;SYSTEME APPUI LOMBAIRE CONDUCTEUR;DRIVER LUMBAR SUPPORT SYSTEM 
4;6972;ECRAN TACTILE FACADE CONSOLE MULTIMEDIA;TOUCH SCREEN CONSOLE MULTIMEDIA
4;7099;REGLAGE PHARES;HEADLIGHT ADJUSTMENT 
4;7313;COMMANDE MISE A ZERO COMPTEUR JOURNALIER;TRIP ODOMETER RESET CONTROL 
4;7318;TEMOIN LUMINEUX CONDAMNATION ENFANT;CHILD LOCK LIGHT 
4;7319;INDICATEUR TEMPERATURE EXTERIEURE;OUTSIDE TEMPERATURE INDICATOR
4;7321;TEMOIN FEUX ANTI BROUILLARD AV;FRONT FOG LIGHT INDICATOR
4;7322;TEMOIN FEU DE DETRESSE;HAZARD WARNING LIGHT INDICATOR
4;7327;TEMOIN FREIN A MAIN;HANDBRAKE LIGHT
4;7329;COMMANDE DE REGLAGE MONTRE;CLOCK ADJUSTMENT CONTROL
4;7330;MONTRE;CLOCK
4;7340;TEMOIN FEU DE BROUILLARD AR;RR FOG LIGHT INDICATOR
4;7374;ECLAIRAGE COMPLET DE TABLEAU DE BORD;INSTRUMENT PANEL FULL LIGHTING
4;7695;COMMANDE MASSAGE SIEGE CONDUCTEUR;DRIVER SEAT MASSAGE SWITCH
4;7904;CONNEXION JACK;JACK CONNECTION
4;5885;POIGNEE VERROUILLAGE AV CAPOTE(UNIQUE);CONVERTIBLE HOOD FR LOCKING HANDLE
4;6549;FILET ANTI REMOUS;ANTI TURBULENCE NET SCREEN
4;6866;CEINTURE SEC SIEGE CENTRAL 1E RANGEE;SAFETY BELT CENTRAL 1ST ROW
4;4462;MONTANT VITRE FIXE PORTE ARD;RR RH DOOR FIXED WINDOW PILLAR 
4;4730;CLOISON DE SEPARATION(UNIQUE);BULKHEAD (SINGLE)
4;5556;POIGNEE FERMETURE DE GIRAFON;HINGED REAR ROOF FLAP CLOSING HANDLE 
4;5599;POIGNEE INT PORTE BATTANTE OU HAYON AR;SWING DOOR OR TAILGATE INNER HANDLE
4;5601;LUNETTE AR FIXE;FIXED REAR WINDOW 
4;5602;VITRE FIXE CLOISON CABINE;CABIN PARTITION WINDOW 
4;5648;JOINT VITRE FIXE PORTE ARD;RR RH DOOR FIXED WINDOW SEAL
4;5661;LECHEUR INT PORTE ARG;RR LH DOOR INNER WEATHERSTRIP 
4;5662;LECHEUR INT PORTE ARD;RR RH DOOR INNER WEATHERSTRIP 
4;5717;CEINTURE SECURITE ARG;RR LH SAFETY BELT
4;5718;CEINTURE SECURITE ARD;RR RH SAFETY BELT
4;5739;POIGNEE MAINTIEN ARG;RR LH GRAB HANDLE 
4;5740;POIGNEE MAINTIEN ARD;RR RH GRAB HANDLE 
4;5778;POIGNEE MAINTIEN D 3EME RANGEE;3RD ROW RH GRAB HANDLE 
4;5792;RIDEAU PARE-SOLEIL LUNETTE AR;REAR WINDOW SUN BLIND
4;5863;GRILLE PROTECTION VITRE DE CLOISON;PARTITION GLASS PROTECTIVE GRILLE
4;6315;GARNITURE PIED ARG;RR LH PILLAR TRIM
4;6316;GARNITURE PIED ARD;RR RH PILLAR TRIM
4;6404;PANNEAU INT PORTES ARD;RR RH DOOR FINISHER
4;6449;RIDEAU PARE-SOLEIL VITRE ARG;RR LH WINDOW SUN BLIND
4;6450;RIDEAU PARE-SOLEIL VITRE ARD;RR RH WINDOW SUN BLIND
4;6451;RIDEAU PARE-SOLEIL VITRE CUSTODE G;LH QUARTER PANEL WINDOW SUN BLIND
4;6452;RIDEAU PARE-SOLEIL VITRE CUSTODE D;RH QUARTER PANEL WINDOW SUN BLIND
4;6652;CARTER AR DOSSIER SIEGE AVD;FR RH SEAT BACK REAR CASING
4;6662;TABLETTE SNCF DOSSIER SIEGE AVD;FR RH SEAT BACK FOLD-DOWN SHELF
4;6791;TIROIR SOUS SIEGE ARG;DRAWER UNDER RR LH SEAT
4;6792;TIROIR SOUS SIEGE ARD;DRAWER UNDER RR RH SEAT
4;7803;ECLAIRAGE SUR CAISSON PORTE ARG;LIGHTING ON RR LH DOOR INNER PANEL
4;4398;PLAGE ARRIERE (TRICORPS);REAR PARCEL SHELF (SALOON)
4;4461;MONTANT VITRE FIXE PORTE ARG;RR LH DOOR FIXED WINDOW PILLAR 
4;5647;JOINT VITRE FIXE PORTE ARG;RR LH DOOR FIXED WINDOW SEAL
4;5717;CEINTURE SECURITE ARG;RR LH SAFETY BELT
4;5718;CEINTURE SECURITE ARD;RR RH SAFETY BELT
4;5777;POIGNEE MAINTIEN G 3EME RANGEE;3RD ROW LH GRAB HANDLE 
4;5798;CEINTURE SECURITE AV CENTRALE;FR CENTRAL SAFETY BELT
4;5857;CEINTURE SECURITE G 3E RANGEE;3RD ROW LH SAFETY BELT
4;5858;CEINTURE SECURITE D 3E RANGEE;3RD ROW RH SAFETY BELT
4;6403;PANNEAU INT PORTES ARG;RR LH DOOR FINISHER
4;6666;SIEGE CENTRAL AR;RR CENTRAL SEAT
4;6667;ASSISE SIEGE CENTRAL AR;RR CENTRAL SEAT CUSHION
4;6668;DOSSIER SIEGE CENTRAL AR;RR CENTRAL SEAT BACK
4;6671;APPUI TETE SIEGE CENTRAL AR;RR CENTRAL SEAT HEADREST
4;6675;COMMANDE DEVERROUILLAGE DOSSIER SIEGE CENTRAL AR;RR CENTRAL SEAT BACK RELEASE CONTROL 
4;6678;CARTER SIEGE CENTRAL AR;RR CENTRAL SEAT CASING
4;6765;FONCTION EASY BREAK GAUCHE;LH EASY BREAK FUNCTION
4;6766;FONCTION EASY BREAK DROITE;RH EASY BREAK FUNCTION
4;6770;TRAPPE A SKI CARTER DOSSIER SIEGE AR.;RR SEAT BACK CASING SKI FLAP
4;6867;CEINTURE SEC SIEGE CENTRAL 2E RANGEE;SAFETY BELT CENTRAL 2ND ROW
4;6868;CEINTURE SEC SIEGE CENTRAL 3E RANGEE;3RD ROW CENTRAL SEAT SAFETY BELT
4;6873;CEINTURE SEC SIEGE GAUCHE 2E RANGEE;2ND ROW LH SEAT SAFETY BELT 
4;6874;CEINTURE SEC SIEGE DROIT 2E RANGEE;2ND ROW RH SEAT SAFETY BELT 
4;5772;CROCHET PORTE CINTRE;COAT HANGER HOOK
4;6100;TAPIS ENSEMBLE MONOBLOC;ONE-PIECE ASSEMBLY CARPET
4;4464;MONTANT VITRE FIXE PORTE AVD;FR RH DOOR FIXED WINDOW PILLAR 
4;5656;LECHEUR INT PORTE AVD;FR RH DOOR INNER WEATHERSTRIP 
4;5716;CEINTURE SECURITE AVD;FR RH SAFETY BELT
4;5738;POIGNEE MAINTIEN AVD;FR RH GRAB HANDLE 
4;5744;PARE-SOLEIL D;RH SUN VISOR 
4;6310;GARNITURE PIED AVD;FR RH PILLAR TRIM
4;6402;PANNEAU INT PORTES AVD;FR RH DOOR FINISHER
4;6602;DOSSIER SIEGE AVD;FR RH SEAT BACK
4;6604;ASSISE SIEGE AVD;FR RH SEAT CUSHION
4;6606;APPUI TETE SIEGE AVD;FR RH SEAT HEADREST
4;6610;COMMANDE INCLINAISON DOSSIER SIEGE AVD;FR RH SEAT BACK RECLINING CONTROL
4;6612;COMMANDE DE BASCULEMENT SIEGE AV.D.;FR RH SEAT TILTING CONTROL
4;6614;COMMANDE REHAUSSE ASSISE SIEGE AVD;FR RH SEAT CUSHION RAISING CONTROL
4;6616;GLISSIERES SIEGE AVD;FR RH SEAT RUNNERS
4;6618;COMMANDE REGLAGE GLISSIERE SIEGE AVD;FR RH SEAT RUNNER ADJUSTMENT CONTROL
4;6650;CARTER SOUS ASSISE SIEGE AVD;CASING UNDER FR RH SEAT CUSHION 
4;7798;PRETENSIONNEUR AVD;FR RH PRETENSIONER 
4;6807;FONCTION BASCULEMENT AUTO SIEGES AR;FONCTION BASCULEMENT AUTO SIEGES AR
4;7035;FONCTION FEUX DE RECUL;REVERSING LIGHT FUNCTION 
4;7045;FONCTION FEUX BROUILLARD AV;FR FOG LIGHTS FUNCTION 
4;7122;FONCTION ECLAIRAGE PLAQUE POLICE;LICENSE PLATE LIGHTING FUNCTION 
4;7134;FONCTION FEU DE BROUILLARD AR;RR FOG LIGHT FUNCTION 
4;7155;FONCTION FEU DE POSITION;SIDE LIGHT FUNCTION 
4;7162;FONCTION FEU STOP ( ENS );BRAKE LIGHT FUNCTION (SET)
4;7175;FONCTION CLIGNOTANTS / FEU DE DETRESSE;INDICATOR/HAZARD WARNING LIGHT FUNCTION 
4;7238;FONCTION ECLAIRAGE INTERIEUR;INTERIOR LIGHTING FUNCTION 
4;7239;FONCTION ECLAIRAGE SOL / CAVE;FOOTWELL / FLOOR LIGHTING FUNCTION 
4;7317;TEMOIN PRECHAUFFAGE;PREHEATING WARNING LIGHT
4;7323;TEMOIN LUNETTE CHAUFFANTE;REAR WINDOW HEATING LIGHT
4;7350;INDICATEUR NIVEAU BATTERIE 400 V;400 V BATTERY INDICATOR LEVEL
4;7363;FONCTION AIDE NAVIGATION;NAVIGATION ASSISTANCE FUNCTION 
4;7371;FONCTION ECLAIRAGE ENSMBLE PSTE CONDUITE;OIL LEVEL ELECTRONIC CIRCUIT
4;7453;FONCTION ALLUME-CIGARE AR / PRISE ACCES;RR CIGARETTE LIGHTER/PLUG FUNCTION
4;7471;FONCTION CDE CONTINUE LEVE-VITRE AVG;FR LH WDW LIFT CONTINUOUS CTRL FUNCTION
4;7472;FONCTION CDE CONTINUE LEVE-VITRE AVD;FR RH WDW LIFT CONTINUOUS CTRL FUNCTION
4;7493;FONCTION SIEGE ELECTRIQUE CONDUCTEUR;DRIVER ELECTRIC SEAT FUNCTION 
4;7494;FONCTION SIEGE ELECTRIQUE PASSAGER;PASSENGER ELECTRIC SEAT FUNCTION 
4;7495;FONCTION SIEGES ELECTRIQUES AR;SWITCH ELECTRICAL BACKREST SEAT RR LH
4;7496;FONCTION SIEGE CHAUFFANT;HEATED SEAT FUNCTION 
4;7618;FONCTION MAINS LIBRES ( BADGE );HANDS FREE IGNITION CARD FUNCTION
4;7622;FONCTION CONDAMN / DECONDAMN OUVRANT;OPENING PANEL LOCKING/UNLOCKING FUNCTION
4;7625;FONCTION REGL VOLANT ( MANU OU ELEC );STEERING WHEEL ADJUSTMENT FUNCTION
4;7626;FONCTION MEMORISATION POSTE DE CONDUITE;ST COLUMN ADJUST SWITCH
4;7635;FONCTION ERGONOMIQUE DOSSIER SIEGE AV G;ERGONOMIC FUNCTION BACKREST SEAT FR LH
4;7636;FONCTION ERGONOMIQUE DOSSIER SIEGE AV D;ERGONOMIC FUNCTION BACKREST SEAT FR RH
4;7640;CARTE OU BADGE DEMARRAGE;STARTING CARD OR BADGE 
4;7652;FONCTION RETROVISEURS ELECTRIQUES EXT;ELECTRIC SIDE MIRRORS FUNCTION 
4;7682;FONCTION SSPP;SSPP FUNCTION 
4;7859;FONCTION SIEGES MASSANTS;MASSAGE SEAT FUNCTION
4;7894;FONCTION CHARGE VEHICULE ELECTRIQUE;ELECTRIC ENGINE CHARGE FUNCTION
4;7984;FONCTION R-LINK;AIR LINK FUNCTION
4;7310;COMPTEUR DE VITESSE;SPEEDOMETER
4;7315;TEMOIN NIVEAU MINIMUM CARBURANT;FUEL MINIMUM LEVEL WARNING LIGHT
4;7320;COMPTE-TOURS;TACHOMETER
4;7325;TEMOIN ALERTE TEMPERATURE HUILE;OIL TEMPERATURE WARNING LIGHT
4;7327;TEMOIN FREIN A MAIN;HANDBRAKE LIGHT
4;7328;TEMOIN ALERTE NIVEAU LIQUIDE FREIN;BRAKE FLUID WARNING LIGHT
4;7347;FONCTION O.B.D.;OBD FUNCTION 
4;7349;FONCTION AIDE A LA CONDUITE (ADAC);DRIVING ASSISTANCE (ADAC) FUNCTION 
4;7355;TEMOIN PASSAGE OPTIMAL DES VITESSES;VARIABLE POWER STEERING INDICATOR
4;7689;FONCTION FEUX DE ROUTE AUTOMATIQUE;AUTOMATIC MAIN BEAM HEADLIGHTS FUNCTION
4;1341;PEDALE ACCELERATEUR;ACCELERATOR PEDAL
4;1545;FONCTION GPL;LPG FUNCTION 
4;1850;FONCTION STOP & START;STOP & START FUNCTION
4;2015;PEDALE EMBRAYAGE;CLUTCH PEDAL
4;2213;FONCTION 4X4;4 WHEELS DRIVE FUNCTION
4;3362;FONCTION 4 ROUES DIRECTRICES;FONCTION 4 ROUES (
4;3607;PEDALE DE FREIN;BRAKE PEDAL
4;3685;FONCTION DESSERRAGE AUTO FREIN  PARKING;PARKING BRAKE AUTO RELEASE FUNCTION 
4;3691;FONCTION HSA;FONCTION HSA
4;7035;FONCTION FEUX DE RECUL;REVERSING LIGHT FUNCTION 
4;7042;FONCTION ALLUMAGE AUTO FEUX CROISEMENT;DIPPED BEAM AUTO ACTIVATION FUNCTION 
4;7044;FONCTION REGLAGE ELECTRIQUE PROJECTEURS;HEADLIGHT ELECTRICAL ADJUSTMENT FUNCTION
4;7048;FONCTION FEU DE CROISEMENT ( ENS );DIPPED BEAM FUNCTION (SET)
4;7049;FONCTION FEU DE ROUTE ( ENS );HIGH BEAM FUNCTION (SET)
4;7121;FONCTION AVERTISSEUR SONORE;HORN FUNCTION 
4;7341;FONCTION LIMITEUR DE VITESSE;SPEED LIMITER FUNCTION 
4;7342;FONCTION REGULATEUR DE VITESSE;CRUISE CONTROL FUNCTION 
5;7345;FONCTION REGULATEUR DE DISTANCE;DISTANCE CONTROLLER FUNCTION 
5;7349;FONCTION AIDE A LA CONDUITE (ADAC);DRIVING ASSISTANCE (ADAC) FUNCTION 
5;7356;TEMOIN SONORE DEFAILLANCE CAPOTE.;CONVERTIBLE HOOD FAULT WARNING SOUND
5;7359;TEMOIN 4X2;4X2 INDICATOR
5;7361;FONCTION ALERTE OUBLI CEINT CONDUCTEUR;DRIVER BELT UNDONE WARNING FUNCTION 
5;7362;FONCTION ALERTE OUBLI CEINTURE PASSAGER;OVERSIGHT BELT PASSENGER ALERT FUNCTION
5;7365;TEMOIN BVA;AUTOMATIC GEARBOX LIGHT
5;7366;FONCTION AVERTISSEUR OUBLI ECLAIRAGE;LIGHTS-ON WARNING FUNCTION 
5;7368;INDICATEUR DE TEMPERATURE D'EAU;WATER TEMPERATURE INDICATOR
5;7369;INDICATEUR PRESSION D'HUILE (MANOMETRE);OIL PRESSURE INDICATOR (PRESSURE GAUGE)
5;7370;INDICATEUR NIVEAU HUILE;OIL LEVEL INDICATOR
5;7377;FONCTION AIDE PARKING;PARKING ASSISTANCE FUNCTION 
5;7378;FONCTION RADAR ANTI COLLISION;ANTI-COLLISION RADAR FUNCTION 
5;7396;FONCTION SYSTEME ( ABS / ABR );SYSTEM FUNCTION (ABS / ABR)
5;7500;FONCTION ESSUIE-VITRE AV;FR WINDSHIELD WIPER FUNCTION 
5;7530;FONCTION ESSUIE-VITRE AR;RR WINDOW WIPER FUNCTION 
5;7534;FONCTION DEGIVRAGE LUNETTE / CUSTODES;RR WINDOW/QUARTER PANEL DEICING FUNCTION
5;7538;FONCTION CHAUFFAGE GICLEUR LAVE-VITRE;WINDOW WASHER HEATING FUNCTION 
5;7540;FONCTION LAVE-VITRE;WINDOW WASHER FUNCTION 
5;7550;FONCTION LAVE-PHARES;HEADLIGHT WASHER FUNCTION 
5;7560;FONCTION LAVE LUNETTE AR;REAR WINDOW WASHER FUNCTION 
5;7563;FONCTION TOIT OUVRANT ELECTRIQUE;ELECTRIC SUNROOF FUNCTION 
5;7587;FONCTION LEVE-VITRE AV;FR WINDOW LIFT FUNCTION 
5;7588;FONCTION LEVE-VITRE AR;RR WINDOW LIFT FUNCTION 
5;7622;FONCTION CONDAMN / DECONDAMN OUVRANT;OPENING PANEL LOCKING/UNLOCKING FUNCTION
5;7686;FONCTION CONTROLE TRAJECTOIRE ( ESP );TRAJECTORY CONTROL FUNCTION (ESP)
5;7689;FONCTION FEUX DE ROUTE AUTOMATIQUE;AUTOMATIC MAIN BEAM HEADLIGHTS FUNCTION
5;7692;FONCTION ALERTE SORTIE DE VOIE;LANE DEPARTURE WARNING FUNCTION
5;7694;COMMANDE FONCTION ALERTE SORTIE DE VOIE;LANE DEPARTURE WARNING SYSTEM SWITCH
5;7698;SYSTEME D' ALERTE APPROCHE VEHICULE;BLIND SPOT WARNING SYSTEM
5;7773;FONCTION INJECTION;RELIABILITY/WIRING RR IN TRUNK
5;7781;DIRECTION ASSISTEE ASSERV MECATRONIC;MECATRONIC POWER STEERING
5;7796;TEMOIN D'ANOMALIE AMORT. PILOTE;ELECTRONIC DAMPING FAILURE INDICATOR
5;7811;FONCTION ALERTE ANGLE MORT;BLIND SPOT ALERT FUNCTION
5;7821;FONCTION AEBS;FONCTION AEBS
5;7822;RADAR REGULATEUR DE VITESSE ADAPTATIF;RADAR REGULATEUR DE VITESSE ADAPTATIF
5;7854;FONCTION RECONNAISSANCE SIGNALIS;TRAFFIC SIGNS RECOGNITION FUNCTION
5;7855;FONCTION ALERTE DEPASSEMENT VITESSE;EXCEEDING SPEED ALERT FUNCTION
5;7900;FONCTION RECEPTION RADIO;RADIO RECEPTION FUNCTION 
5;7966;FONCTION TELEPHONE;TELEPHONE FUNCTION 
5;7981;FONCTION CAMERA AVANT;FRONT CAMERA FUNCTION
5;7984;FONCTION R-LINK;AIR LINK FUNCTION
5;7997;FONCTION REGLAGE AMBIANCES SONORES;BACKGROUND SOUND ADJUSTMENT FUNCTION
5;8020;FONCTION CHAUFFAGE;HEATING FUNCTION 
5;8025;FONCTION GMV REFROIDISSEMENT;COOLING MOTOR FAN FUNCTION 
5;8079;FONCTION REPARTITION D' AIR;AIR DISTRIBUTION FUNCTION
5;8087;FONCTION PRECHAMBRAGE;PRE HEATING FUNCTION (EV)
5;8099;FONCTION AIR CONDITIONNE;AIR CONDITIONING FUNCTION 